cycle,cycle_energy_balance_residual_J,cycle_max_delta_K,external_energy_J,gas_energy_J,h_model,liner_material,liner_tdc_end_K,max_temperature_K,min_path_hot_clearance_3um,min_temperature_K,piston_material,piston_skirt_end_K,skirt_liner_tdc_hot_clearance_3um
1,2.0977157178001913,1.8920991562116,-0.000603758191997501,2.098319475992189,constant_h,steel_4140,301.8920991562116,301.8920991562116,2.78356692337578,300.00366615523694,al_4032_t6,300.0950333916124,2.877348646913802
2,2.0861462668928303,1.6716360577315754,-0.00301951628656953,2.0891657831794,constant_h,steel_4140,303.5637352139432,303.5637352139432,2.783397394671816,300.0214070629558,al_4032_t6,300.28820434942503,2.9473968282598406
3,2.0744661784002805,1.4716620441352575,-0.0068014509136574705,2.081267629313938,constant_h,steel_4140,305.03539725807843,305.03539725807843,2.784594788297845,300.0600124416492,al_4032_t6,300.5515121887217,3.0013826420454137
4,2.0627627515006286,1.2992246499113094,-0.011558350024600102,2.0743211015252285,constant_h,steel_4140,306.33462190798974,306.33462190798974,2.7857402904940542,300.12329273692325,al_4032_t6,300.8646459766695,3.042395613237936
5,2.0510888079019898,1.1544324465403975,-0.017015344003373914,2.068104151905364,constant_h,steel_4140,307.48905435453014,307.48905435453014,2.7861506878963382,300.2130204809007,al_4032_t6,301.21290139250624,3.073068911231047
6,2.039476543436605,1.034548269886443,-0.022975829107838776,2.0624523725444437,constant_h,steel_4140,308.5236026244166,308.5236026244166,2.785539378711732,300.32959193840634,al_4032_t6,301.5856592107571,3.095558368399587
7,2.0279455053801616,0.9359585613810282,-0.029297192705131186,2.0572426980852927,constant_h,steel_4140,309.4595611857976,309.4595611857976,2.7838300142155603,300.47249329634843,al_4032_t6,301.9752740650632,3.1115889682657993
8,2.016507301438926,0.8550674781532734,-0.035874865415270345,2.0523821668541964,constant_h,steel_4140,310.3146286639509,310.3146286639509,2.781053729077776,300.640628940516,al_4032_t6,302.37626302841534,3.12252261085888
9,2.005168456328002,0.788658141475139,-0.04263154909958315,2.047800005427585,constant_h,steel_4140,311.103286805426,311.103286805426,2.7772924977407243,300.83255176477644,al_4032_t6,302.78471332290394,3.1294264008110417
10,1.993932194257558,0.7339988867269085,-0.04950976199235237,2.0434419562499104,constant_h,steel_4140,311.83728569215293,311.83728569215293,2.7726481400316416,301.04662359885197,al_4032_t6,303.19785019272257,3.133133203210292
11,1.9827995817959598,0.688834824966932,-0.056466573575264974,2.039266155371225,constant_h,steel_4140,312.52612051711986,312.52612051711986,2.76722568757215,301.2811256955027,al_4032_t6,303.61372183348,3.134292121033333
12,1.9717702784693834,0.651333977170168,-0.06346982454622586,2.0352401030156093,constant_h,steel_4140,313.17745449429003,313.17745449429003,2.7611248279821865,301.53433353489413,al_4032_t6,304.03096985857803,3.133409154974842
13,1.9608430393816598,0.6200209134377701,-0.07049537786265198,2.031338417244312,constant_h,steel_4140,313.7974754077278,313.7974754077278,2.7544358939328717,301.8045661895538,al_4032_t6,304.44866225403797,3.130879302140066
14,1.9500160564232871,0.5937125383790658,-0.07752509969552623,2.0275411561188132,constant_h,steel_4140,314.39118794610687,314.39118794610687,2.7472383903646147,302.0902176307528,al_4032_t6,304.8661719672786,3.12701159263451
15,1.939287191643084,0.571461675846308,-0.08454536520746386,2.023832556850548,constant_h,steel_4140,314.9626496219532,314.9626496219532,2.739600909988482,302.3897753016136,al_4032_t6,305.2830888056462,3.1220484805523085
16,1.9286541370060772,0.552509864760907,-0.09154594630678156,2.020200083312859,constant_h,steel_4140,315.5151594867141,315.5151594867141,2.7315817741984105,302.70182979892877,al_4032_t6,305.6991556343254,3.1161808054127604
17,1.9181145230737,0.5362489182359695,-0.09851918001538124,2.0166337030890813,constant_h,steel_4140,316.05140840495005,316.05140840495005,2.723230016963285,303.0250784316369,al_4032_t6,306.1142222873511,3.109559317369559
18,1.907665991852933,0.5221901031432026,-0.10545934445429316,2.013125336307226,constant_h,steel_4140,316.57359850809326,316.57359850809326,2.7145864926625407,303.35832464472276,al_4032_t6,306.5282123786823,3.1023035546171585
19,1.8973062443630058,0.5099396467888369,-0.11236218927248587,2.0096684336354915,constant_h,steel_4140,317.0835381548821,317.0835381548821,2.70568498504975,303.70047473144285,al_4032_t6,306.9410994973291,3.0945086880507233
20,1.8870330703456029,0.49917936178894706,-0.119224581443023,2.006257651788626,constant_h,steel_4140,317.58271751667104,317.58271751667104,2.6965532515630386,304.0505328459001,al_4032_t6,307.35289021917947,3.086250807934121
21,1.876844365410858,0.4896513488383789,-0.12604423751990237,2.0028886029307604,constant_h,steel_4140,318.0723688655094,318.0723688655094,2.6872139710309995,304.4075950298847,al_4032_t6,307.7636120618355,3.0775910166322973
22,1.8667381394203961,0.4811459202501851,-0.13281952086385113,1.9995576602842473,constant_h,steel_4140,318.5535147857596,318.5535147857596,2.677685582712641,304.77084275200826,al_4032_t6,308.1733050159868,3.06857860564147
23,1.8567125188478606,0.47349205537153694,-0.13954928779656547,1.996261806644426,constant_h,steel_4140,319.02700684113114,319.02700684113114,2.6679830161429052,305.1395363012184,al_4032_t6,308.5820156575152,3.059253529154482
24,1.846765745093437,0.46654984223971496,-0.14623277067514295,1.99299851576858,constant_h,steel_4140,319.49355668337085,319.49355668337085,2.6581183175329315,305.5130082645991,al_4032_t6,308.9897931154343,3.049648336034494
25,1.8368961701734325,0.46020447699658007,-0.15286948887539492,1.9897656590488275,constant_h,steel_4140,319.95376116036743,319.95376116036743,2.648101181749851,305.8906572390224,al_4032_t6,309.3966863685882,3.039789683728422
26,1.8271022508004955,0.4543614861974561,-0.15945918090788846,1.986561431708384,constant_h,steel_4140,320.4081226465649,320.4081226465649,2.637939400148781,306.2719418691268,al_4032_t6,309.80274248848707,3.0296995285370443
27,1.8173825415733034,0.4489429108423906,-0.16600175256234626,1.9833842941356497,constant_h,steel_4140,320.8570655574073,320.8570655574073,2.6276392347535094,306.65637526384165,al_4032_t6,310.2080055510361,3.0193960645306106
28,1.8077356877776267,0.443884248563279,-0.1724972372289358,1.9802329250065624,constant_h,steel_4140,321.30094980597056,321.30094980597056,2.6172057287965345,307.0435198156803,al_4032_t6,310.61251601674917,3.008894466622891
29,1.7981604181421358,0.4391319951686228,-0.17894576548620703,1.9771061836283428,constant_h,steel_4140,321.7400818011392,321.7400818011392,2.606642962867056,307.43298242784164,al_4032_t6,311.0163104350171,2.998207480523263
30,1.788655537777465,0.4346416614573059,-0.18534754175298918,1.9740030795304542,constant_h,steel_4140,322.1747234625965,322.1747234625965,2.595954264913658,307.82441014135674,al_4032_t6,311.4194213687076,2.987345892537796
31,1.779219921444154,0.43037616815911406,-0.1917028263347503,1.9709227477789042,constant_h,steel_4140,322.6050996307556,322.6050996307556,2.5851423814273744,308.21748614625045,al_4032_t6,311.82187746498994,2.976318904791775
32,1.7698525072357152,0.42710371311858353,-0.19801192159708472,1.9678644288328,constant_h,steel_4140,323.03140417346964,323.03140417346964,2.574209616123646,308.61192615565705,al_4032_t6,312.2237036197328,2.965134435725325
33,1.7605522907215791,0.42411280515409544,-0.2042751613025098,1.964827452024089,constant_h,steel_4140,323.45380503128746,323.45380503128746,2.5631579415801298,309.007475119083,al_4032_t6,312.62492119836946,2.953799361342213
34,1.751318319565427,0.42112305475870926,-0.21049290237662466,1.9618112219420516,constant_h,steel_4140,323.8724483955836,323.8724483955836,2.5519890884835306,309.4039042498176,al_4032_t6,313.0255482873561,2.9423197093603193
35,1.7421496886150112,0.4181387667102854,-0.21666551854351568,1.958815207158527,constant_h,steel_4140,324.28746217627685,324.28746217627685,2.540704616413869,309.8010083414042,al_4032_t6,313.42559995841185,2.930700815761078
36,1.7330455354466467,0.4151635956615678,-0.22279339540228438,1.955838930848931,constant_h,steel_4140,324.69895888592407,324.69895888592407,2.5293059694879716,310.19860334869617,al_4032_t6,313.8250885335437,2.918947451270526
37,1.7240050363396893,0.4122006200282158,-0.2288769266167969,1.9528819629564862,constant_h,steel_4140,325.1070380431338,325.1070380431338,2.5177945196270812,310.5965242100799,al_4032_t6,314.22402384296794,2.9070639237032125
38,1.715027402651635,0.4092524126263015,-0.2349165109670472,1.9499439136186822,constant_h,steel_4140,325.5117881791009,325.5117881791009,2.5061715997853895,310.99462288880676,al_4032_t6,314.6224134709743,2.8950541608923075
39,1.7061118775627562,0.4063211063495942,-0.24091255006851486,1.947024427631271,constant_h,steel_4140,325.9132885157119,325.9132885157119,2.494438529034859,311.39276661285993,al_4032_t6,315.0202629868443,2.8829217779611227
40,1.6972577331583798,0.40340845398526426,-0.24686544661048682,1.9441231797688667,constant_h,steel_4140,326.3116103712718,326.3116103712718,2.4825966311095016,311.7908362943144,al_4032_t6,315.41757615934563,2.870670131937203
41,1.6884642678179167,0.4005158818769132,-0.25277560299812435,1.941239870816041,constant_h,steel_4140,326.7068183398986,326.7068183398986,2.4706472477360464,312.1887251107049,al_4032_t6,315.81435515430644,2.8583023661266083
42,1.6797308038809984,0.3976445374880768,-0.2586434203091338,1.9383742241901323,constant_h,steel_4140,327.098971282476,327.098971282476,2.4585917477981667,312.5863372323979,al_4032_t6,316.210600715433,2.8458214461757336
43,1.6710566855630389,0.397249448995467,-0.2644692974958296,1.9355259830588685,constant_h,steel_4140,327.48812316044973,327.48812316044973,2.4464315332384245,312.9835866813934,al_4032_t6,316.606312328946,2.8332301893820855
44,1.6624412770943722,0.3968096269260286,-0.27025363077897524,1.9326949078733473,constant_h,steel_4140,327.8743237383315,327.8743237383315,2.434168042409368,313.3803963083194,al_4032_t6,317.00148837287446,2.8205312885241085
45,1.6538839610594724,0.3963005673133466,-0.27599681319143726,1.9298807742509096,constant_h,steel_4140,328.25761917636214,328.25761917636214,2.421802751458202,313.77669687563275,al_4032_t6,317.3961262519924,2.8077273312154816
46,1.6453841369148487,0.3957293605508312,-0.28169923423890636,1.9270833711537552,constant_h,steel_4140,328.6380525311343,328.6380525311343,2.409337174219317,314.1724262361836,al_4032_t6,317.79022251945776,2.7948208156347576
47,1.6369412196660786,0.39510236118820785,-0.2873612796522538,1.9243024993183324,constant_h,steel_4140,329.0156641790049,329.0156641790049,2.3967728609939343,314.5675285973718,al_4032_t6,318.1837729862102,2.781814163280494
48,1.6285546386865701,0.39442526469684935,-0.2929833312114369,1.921537969898007,constant_h,steel_4140,329.39049217462684,329.39049217462684,2.384111396515287,314.96195386206864,al_4032_t6,318.57677281918234,2.768709729316754
49,1.6202238366623887,0.3937031763186951,-0.2985657666251771,1.9187896032875658,constant_h,steel_4140,329.7625725549292,329.7625725549292,2.371354397359582,315.35565703838733,al_4032_t6,318.9692166293256,2.7555098109566245
50,1.6119482686490407,0.39294067277052136,-0.30410895945420047,1.916057228103241,constant_h,steel_4140,330.1319395971554,330.1319395971554,2.3585035089741524,315.74859771115786,al_4032_t6,319.3610985504007,2.742216654239016
51,1.6037274012277596,0.3921418575382063,-0.3096132790681944,1.913340680295954,constant_h,steel_4140,330.49862603816797,330.49862603816797,2.345560402475577,316.14073956869606,al_4032_t6,319.75241230940424,2.7288324594989533
52,1.595560711750233,0.39131041042048764,-0.3150790906288509,1.910639802379084,constant_h,steel_4140,330.86266326107926,330.86266326107926,2.3325267713572018,316.53204997911655,al_4032_t6,320.14315128946123,2.7153593857907055
53,1.5874476876616679,0.39044963190207227,-0.32050675509305604,1.907954442754724,constant_h,steel_4140,331.2240814542773,331.2240814542773,2.3194043281584698,316.9224996110186,al_4032_t6,320.53330858591875,2.7017995544369455
54,1.5793878258935536,0.38956847041890796,-0.3258966292313781,1.9052844551249317,constant_h,steel_4140,331.5829097471118,331.5829097471118,2.306194801199979,317.31206209391286,al_4032_t6,320.92287705633765,2.6881550518949027
55,1.5713806323182664,0.3889723086504091,-0.33124906565817397,1.9026296979764403,constant_h,steel_4140,331.9391763258279,331.9391763258279,2.2928999314002496,317.7007137142341,al_4032_t6,321.31184936498806,2.674427932045198
56,1.5634256212585536,0.3883686574395142,-0.3365644128703433,1.8999900341288969,constant_h,steel_4140,332.2929085327707,332.2929085327707,2.2795214692363786,318.0884331432115,al_4032_t6,321.7002180224276,2.6606202180374794
57,1.5555223150458326,0.38775739823012145,-0.34184301529242594,1.8973653303382585,constant_h,steel_4140,332.64413295139866,332.64413295139866,2.266061171859235,318.4752011932614,al_4032_t6,322.0879754206577,2.646733903762133
58,1.5476702436218002,0.38713844367316597,-0.3470852133262291,1.8947554569480292,constant_h,steel_4140,332.9928754792648,332.9928754792648,2.2525208003791874,318.8610005999137,al_4032_t6,322.47511386433086,2.632770955034225
59,1.5398689441785431,0.38651173407862416,-0.3522913434035714,1.8921602875821144,constant_h,steel_4140,333.33916139076666,333.33916139076666,2.2389021173383483,319.2458158265835,al_4032_t6,322.8616255984095,2.618733310541188
60,1.532117960832934,0.3858772342443899,-0.3574617380410298,1.889579698873964,constant_h,steel_4140,333.6830153912031,333.6830153912031,2.225206884364006,319.6296328898026,al_4032_t6,323.2475028326539,2.604622882605767
61,1.5244168443314163,0.3852349306283145,-0.36259672589588415,1.8870135702273005,constant_h,steel_4140,334.0244616634341,334.0244616634341,2.211436860002358,320.01243920274777,al_4032_t6,323.6327377632822,2.590441557797085
62,1.5167651517819927,0.38458482880292877,-0.36769663182248397,1.8844617836044766,constant_h,steel_4140,334.3635239082393,334.3635239082393,2.197593797744979,320.394223435154,al_4032_t6,324.0173225920851,2.576191197438682
63,1.5091624464102642,0.3839269511955763,-0.37276177692869583,1.88192422333896,constant_h,steel_4140,334.7002253793022,334.7002253793022,2.183679444211606,320.77497538788083,al_4032_t6,324.4012495432807,2.5618736380108587
64,1.5016082973370488,0.38326133505756843,-0.37779247863192056,1.8794007759689693,constant_h,steel_4140,335.0345889136122,335.0345889136122,2.1696955375176685,321.1546858805977,al_4032_t6,324.78451087833827,2.5474906914961792
65,1.4941022793750836,0.3825880306568479,-0.38278905071450803,1.8768913300895915,constant_h,steel_4140,335.3666369579464,335.3666369579464,2.1556438057901417,321.5333466512078,al_4032_t6,325.1670989089951,2.5330441456725694
66,1.4866439728429295,0.38190709966545455,-0.38775180337824855,1.874395776221178,constant_h,steel_4140,335.6963915920059,335.6963915920059,2.1415259658326136,321.91095026576716,al_4032_t6,325.54900600866057,2.518535764354901
67,1.4792329633940755,0.38121861371161003,-0.39268104329791864,1.8719140066919941,constant_h,steel_4140,336.0238745486847,336.0238745486847,2.12734372193335,322.28749003780365,al_4032_t6,325.9302246223722,2.5039672876250307
68,1.4718688418596695,0.38052265309625,-0.3975770736737325,1.869445915533402,constant_h,steel_4140,336.34910723187863,336.34910723187863,2.113098764803034,322.6629599560429,al_4032_t6,326.31074727546843,2.4893404320280865
69,1.4645512041035051,0.37981930564291133,-0.40244019428261063,1.8669913983861157,constant_h,steel_4140,336.6721107321916,336.6721107321916,2.0987927706341836,323.03735461965715,al_4032_t6,326.69056658111134,2.4746568907652033
70,1.4572796508878374,0.37910866567477797,-0.4072707015283046,1.864550352416142,constant_h,steel_4140,336.99290584082456,336.99290584082456,2.0844274002680407,323.4106691802392,al_4032_t6,327.0696752467861,2.4599183338658293
71,1.4500537877489994,0.37839083310029764,-0.4120688884903112,1.8621226762393106,constant_h,steel_4140,337.31151306191543,337.31151306191543,2.070004298466266,323.78289928980513,al_4032_t6,327.4480660798864,2.4451264083680257
72,1.4428732248817642,0.37766591259997995,-0.41683504497162355,1.8597082698533878,constant_h,steel_4140,337.62795262353256,337.62795262353256,2.0555250932821068,324.1540410541801,al_4032_t6,327.8257319924864,2.4302827384872216
73,1.4357375770315437,0.37693401290232487,-0.42156945754531,1.8573070345768536,constant_h,steel_4140,337.94224448751277,337.94224448751277,2.04099139550884,324.5240909912058,al_4032_t6,328.2026660053887,2.4153889257876315
74,1.428646463393632,0.37619524613717203,-0.4262724095999642,1.8549188729935961,constant_h,steel_4140,338.2544083583032,338.2544083583032,2.026404798214365,324.8930459932611,al_4032_t6,328.5788612515259,2.400446549362556
75,1.421599507518811,0.3754497272619801,-0.4309441813840389,1.85254368890285,constant_h,steel_4140,338.5644636909356,338.5644636909356,2.0117668763424135,325.26090329364183,al_4032_t6,328.9543109787879,2.3854571660040236
76,1.4145963372245998,0.374697573550975,-0.43558505004915915,1.850181387273759,constant_h,steel_4140,338.87242969825945,338.87242969825945,1.997079186383921,325.62766043639476,al_4032_t6,329.32900855233885,2.3704223103901967
77,1.407636584511644,0.37393890414290354,-0.44019528969240745,1.8478318742040516,constant_h,steel_4140,339.1783253575196,339.1783253575196,1.9823432661016938,325.99331524923826,al_4032_t6,329.70294745648175,2.3553434952647834
78,1.4007198854848006,0.3731738396314199,-0.44477517139756056,1.8454950568823612,constant_h,steel_4140,339.48216941637156,339.48216941637156,1.9675606343145802,326.3578658192516,al_4032_t6,330.0761212961132,2.3402222116324367
79,1.393845880278333,0.37240250171566913,-0.4493249632754672,1.8431708435538001,constant_h,steel_4140,339.78398039840977,339.78398039840977,1.9527327907242764,326.72131047103426,al_4032_t6,330.44852379782884,2.3250599289426077
80,1.3870142129848375,0.37162501287781424,-0.4538449305035539,1.8408591434883914,constant_h,steel_4140,340.0837766082628,340.0837766082628,1.9378612157883168,327.0836477470857,al_4032_t6,330.82014881070666,2.3098580952982672
81,1.3802245315877353,0.3708414961012636,-0.45833533536435744,1.8385598669520926,constant_h,steel_4140,340.38157613631637,340.38157613631637,1.9229473706339206,327.4448763901581,al_4032_t6,331.1909903068079,2.294618137649529
82,1.3734764878967347,0.370052074625562,-0.4627964372833361,1.8362729251800707,constant_h,steel_4140,340.6773968631081,340.6773968631081,1.907992697003813,327.80499532738986,al_4032_t6,331.5610423814335,2.2793414620032593
83,1.3667697374861714,0.36925687172106336,-0.46722849286588136,1.8339982303520528,constant_h,steel_4140,340.97125646343517,340.97125646343517,1.8929986172340207,328.1640036560202,al_4032_t6,331.93029925315454,2.2640294536264705
84,1.3601039396359045,0.3684560104995285,-0.47163175593355616,1.8317356955694606,constant_h,steel_4140,341.2631724102041,341.2631724102041,1.8779665342600893,328.52190063053075,al_4032_t6,332.2987552636541,2.248683477263036
85,1.3534787572745368,0.3676496137404115,-0.47600647755965697,1.829485234834194,constant_h,steel_4140,341.5531619780644,341.5531619780644,1.862897831651722,328.87868565105356,al_4032_t6,332.6664048773945,2.233304877344189
86,1.3468938569247835,0.3668378037404523,-0.48035290610406695,1.8272467630288505,constant_h,steel_4140,341.84124224683865,341.84124224683865,1.8477938736625177,329.2343582529209,al_4032_t6,333.03324268113494,2.21789497820879
87,1.340348908650772,0.36602070218185645,-0.4846712872474842,1.8250201958982564,constant_h,steel_4140,342.127430104779,342.127430104779,1.8326560053045782,329.58891809723303,al_4032_t6,333.3992633833168,2.2024550843129376
88,1.3338435860071862,0.3651984300169602,-0.48896186402497677,1.822805450032163,constant_h,steel_4140,342.41174225166725,342.41174225166725,1.817485552443543,329.94236496233833,al_4032_t6,333.76446181333375,2.186986480460007
89,1.3273775659899794,0.3643711073660256,-0.4932248768590181,1.8206024428489975,constant_h,steel_4140,342.69419520177735,342.69419520177735,1.802283821901618,330.2946987361324,al_4032_t6,334.1288329206998,2.171490432015588
90,1.3209505289886567,0.3635388534267463,-0.4974605635918775,1.8184110925805341,constant_h,steel_4140,342.9748052867099,342.9748052867099,1.7870521015774798,330.6459194090902,al_4032_t6,334.4923717741265,2.155968185129531
91,1.3145621587399354,0.36270178640478434,-0.5016691595175089,1.8162313182574443,constant_h,steel_4140,343.2535886581192,343.2535886581192,1.771791660581279,330.99602706794985,al_4032_t6,334.8550735605313,2.1404209669597662
92,1.3082121422827209,0.3618600234419773,-0.5058508974128594,1.8140630396955801,constant_h,steel_4140,343.5305612903355,343.5305612903355,1.7565037493758595,331.3450218899896,al_4032_t6,335.2169335839733,2.124849985891686
93,1.3019001699142336,0.3610136805574484,-0.5100060075687355,1.811906177482969,constant_h,steel_4140,343.8057389828978,343.8057389828978,1.741189599930415,331.6929041378272,al_4032_t6,335.57794726453074,2.109256431765516
94,1.295625935147311,0.3601628726052013,-0.5141347178201167,1.8097606529674277,constant_h,steel_4140,344.07913736300395,344.07913736300395,1.7258504258794716,332.03967415469276,al_4032_t6,335.93811013713594,2.093641476095698
95,1.2893891346686945,0.35930771322858845,-0.5182372535760362,1.8076263882447308,constant_h,steel_4140,344.35077188788705,344.35077188788705,1.7104874226898659,332.3853323601253,al_4032_t6,336.2974178503645,2.078006272291155
96,1.2831894682983358,0.35844831482586414,-0.5223138378489613,1.8055033061472971,constant_h,steel_4140,344.62065784711916,344.62065784711916,1.6951017678312752,332.7298792460503,al_4032_t6,336.6558661651904,2.062351955879116
97,1.2770266389495906,0.3575847885239227,-0.5263646912837598,1.8033913302333504,constant_h,steel_4140,344.8888103648559,344.8888103648559,1.6796946209591823,333.07331537319175,al_4032_t6,337.0134509537143,2.0466796447244917
98,1.2709003525902527,0.356717244151298,-0.5303900321862484,1.8012903847765012,constant_h,steel_4140,345.1552444020208,345.1552444020208,1.664267124091623,333.4156413677984,al_4032_t6,337.3701681978656,2.03099043924837
99,1.2648103182044301,0.35584579022003027,-0.5343900765512699,1.7992003947557,constant_h,steel_4140,345.4199747584358,345.4199747584358,1.6488204017965913,333.75685791863515,al_4032_t6,337.72601398808564,2.015285422649171
100,1.258756247755127,0.3549705339112279,-0.5383650380904362,1.7971212858455634,constant_h,steel_4140,345.68301607490434,345.68301607490434,1.6333555613785578,334.09696577422795,al_4032_t6,338.08098452199687,1.999565661112257
101,1.2527378561475868,0.354091581063642,-0.5423151282594241,1.7950529844070109,constant_h,steel_4140,345.9443828352449,345.9443828352449,1.6178736930729798,334.4359657403256,al_4032_t6,338.4350761030605,1.9838322040346412
102,1.246754861193328,0.3532090361625819,-0.546240556284875,1.792995417478203,constant_h,steel_4140,346.204089368284,346.204089368284,1.6023758702319313,334.7738586775625,al_4032_t6,338.7882851392231,1.9680860842301584
103,1.2408069835747777,0.3523230023411088,-0.5501415291909829,1.7909485127657605,constant_h,steel_4140,346.4621498498071,346.4621498498071,1.5868631495230545,335.1106454992966,al_4032_t6,339.1406081415642,1.9523283181488438
104,1.2348939468105553,0.3514335813699745,-0.5540182518256704,1.7889121986362257,constant_h,steel_4140,346.7185783044714,346.7185783044714,1.5713365711214067,335.44632716961286,al_4032_t6,339.4920417229342,1.9365599060803262
105,1.2290154772213602,0.3505408736605773,-0.5578709268864067,1.786886404107767,constant_h,steel_4140,346.97338860768446,346.97338860768446,1.5557971589021946,335.78090470146924,al_4032_t6,339.84258259659475,1.9207818323678794
106,1.223171303896376,0.34964497826592833,-0.5616997549457041,1.7848710588420802,constant_h,steel_4140,347.2265944874455,347.2265944874455,1.5402459206423913,336.11437915496936,al_4032_t6,340.1922275748607,1.904995065615367
107,1.2173611586602786,0.3487459928839485,-0.5655049344762426,1.7828660931365212,constant_h,steel_4140,347.47820952615496,347.47820952615496,1.5246838482081415,336.4467516357594,al_4032_t6,340.54097356774463,1.8892005588844185
108,1.2115847760407155,0.34784401386025365,-0.5692866618756859,1.7808714379164012,constant_h,steel_4140,347.7282471623983,347.7282471623983,1.5091119177519374,336.7780232935267,al_4032_t6,340.8888175816049,1.8733992499067043
109,1.205841893236311,0.346939136197534,-0.5730451314911583,1.7788870247274695,constant_h,steel_4140,347.97672069269316,347.97672069269316,1.493531089908906,337.10819532059344,al_4032_t6,341.2357567178024,1.8575920612802221
110,1.2001322500851435,0.34603145355941933,-0.5767805356434084,1.7769127857285518,constant_h,steel_4140,348.22364327321094,348.22364327321094,1.4779423099886557,337.4372689505981,al_4032_t6,341.58178817136184,1.8417799006673619
111,1.1944555890337,0.34512105828167705,-0.5804930646506486,1.7749486536843488,constant_h,steel_4140,348.46902792147574,348.46902792147574,1.462346508168011,337.7652454572552,al_4032_t6,341.9269092296435,1.825963660994745
112,1.1888116551063,0.34420804137727146,-0.584182906852081,1.772994561958381,constant_h,steel_4140,348.7128875180274,348.7128875180274,1.4467445996784178,338.0921261531858,al_4032_t6,342.2711172710208,1.8101442206441831
113,1.1832001958749336,0.3432924925518819,-0.5878502486311343,1.771050444506068,constant_h,steel_4140,348.9552348080701,348.9552348080701,1.43113748500312,338.41791238881075,al_4032_t6,342.61440976357267,1.7943224436463012
114,1.1776209614295141,0.3423745002065175,-0.5914952744384132,1.7691162358679273,constant_h,steel_4140,349.19608240308975,349.19608240308975,1.4155260500610112,338.74260555130286,al_4032_t6,342.9567842637792,1.7784991798750482
115,1.1720737043485907,0.3414541514585494,-0.5951181668143298,1.7671918711629206,constant_h,steel_4140,349.43544278244985,349.43544278244985,1.3999111663940411,339.0662070635928,al_4032_t6,343.29823841523773,1.7626752652271094
116,1.1665581796704299,0.34053153214358645,-0.5987191064114565,1.7652772860818864,constant_h,steel_4140,349.67332829496553,349.67332829496553,1.3842936913572856,339.3887183834205,al_4032_t6,343.6387699473813,1.7468515218181935
117,1.161074144864498,0.3396067268366778,-0.6022982720166145,1.7633724168811125,constant_h,steel_4140,349.909751160453,349.909751160453,1.3686744682965823,339.7101410024324,al_4032_t6,343.978376674218,1.7310287581588923
118,1.1556213598033533,0.3386798188553257,-0.6058558405726425,1.761477200375996,constant_h,steel_4140,350.1447234712604,350.1447234712604,1.3530543267412654,340.03047644531944,al_4032_t6,344.3170564930733,1.7152077693429746
119,1.150199586734864,0.3377508902808586,-0.6093919871999344,1.7595915739347983,constant_h,steel_4140,350.378257193775,350.378257193775,1.3374340825729192,340.34972626898633,al_4032_t6,344.6548073833542,1.6993893372214686
120,1.144808590254864,0.33682002196587746,-0.6129068852176777,1.7577154754725417,constant_h,steel_4140,350.61036416991067,350.61036416991067,1.3218145382136726,340.6678920617641,al_4032_t6,344.99162740532006,1.6835742305838508
1,3.5447224114465876,2.7053614502030428,-0.0010029573832005079,3.545725368829788,angle_correlation,steel_4140,302.70536145020304,302.70536145020304,2.7335175342066975,300.00676841313026,al_4032_t6,300.1830690127066,2.9119172470952748
2,3.5217946299968648,2.389531167629343,-0.004970644558207156,3.5267652745550717,angle_correlation,steel_4140,305.0948926178324,305.0948926178324,2.6927075242317855,300.0393292435116,al_4032_t6,300.55239817079365,3.004369193263301
3,3.4993272189590328,2.1056254300085584,-0.011147755817119803,3.5104749747761526,angle_correlation,steel_4140,307.20051804784094,307.20051804784094,2.6597046547163217,300.1099470592083,al_4032_t6,301.05440586953,3.07128966308845
4,3.477293150957904,1.8631211732430302,-0.018897648684477974,3.496190799642382,angle_correlation,steel_4140,309.063639221084,309.063639221084,2.631176144296532,300.22545833529097,al_4032_t6,301.6502588263369,3.1180072717766905
5,3.4556566017153676,1.6614756880697996,-0.02777215308170282,3.4834287547970706,angle_correlation,steel_4140,310.7251149091538,310.7251149091538,2.6051734650129887,300.3889867253757,al_4032_t6,302.31186778043804,3.148937506411542
6,3.4343816441950055,1.4961596904660155,-0.03745066108934248,3.471832305284348,angle_correlation,steel_4140,312.2212745996198,312.2212745996198,2.5805535048153416,300.60115189242555,al_4032_t6,303.0189651068172,3.1676184969979815
7,3.4134356808767023,1.361527557018178,-0.047700942387790324,3.4611366232644927,angle_correlation,steel_4140,313.58280215663797,313.58280215663797,2.5566472588591793,300.86092233207796,al_4032_t6,303.75697227164005,3.1768293128946468
8,3.3927904181183832,1.25209542347784,-0.05835319504730663,3.45114361316569,angle_correlation,steel_4140,314.8348975801158,314.8348975801158,2.5330673570262974,301.16621597675066,al_4032_t6,304.5154440312577,3.178726466523507
9,3.37242177174893,1.1630369098861593,-0.06928240484463796,3.4417041765935683,angle_correlation,steel_4140,315.99793449000197,315.99793449000197,2.509594587007946,301.51432118723693,al_4032_t6,305.2869338101795,3.174971208046884
10,3.3523093723078783,1.0903094708190793,-0.08039607954835656,3.432705451856235,angle_correlation,steel_4140,317.08824396082105,317.08824396082105,2.486110079658488,301.90218947030104,al_4032_t6,306.06616665066963,3.166837976237069
11,3.332435976505383,1.030618573216998,-0.09162556072476848,3.4240615372301515,angle_correlation,steel_4140,318.11886253403804,318.11886253403804,2.4625543300906827,302.32663651041804,al_4032_t6,306.8494367478746,3.1553025031687554
12,3.312786913733859,0.9813209830936103,-0.10291977809324153,3.4157066918271,angle_correlation,steel_4140,319.10018351713165,319.10018351713165,2.4389022520789894,302.7844777366642,al_4032_t6,307.6341689440608,3.1411114365633708
13,3.293349612090162,0.9403145531381369,-0.11424070808428617,3.407590320174448,angle_correlation,steel_4140,320.0404980702698,320.0404980702698,2.415147959204056,303.27261728401413,al_4032_t6,308.41859988863774,3.1248364349583113
14,3.2741132105640447,0.9059349685452958,-0.12556004270027205,3.3996732532643166,angle_correlation,steel_4140,320.9464330388151,320.9464330388151,2.3912955237372913,303.78810394027,al_4032_t6,309.20154650429146,3.106915759748752
15,3.2550682488902942,0.8768668216722517,-0.13685673004197474,3.391924978932269,angle_correlation,steel_4140,321.82329986048734,321.82329986048734,2.3673534442538724,304.32816387902517,al_4032_t6,309.9822381200551,3.0876860485857804
16,3.2362064219767825,0.8520703255481976,-0.1481151494319375,3.38432157140872,angle_correlation,steel_4140,322.67537018603554,322.67537018603554,2.3433314256822158,304.8902172406468,al_4032_t6,310.7601950051396,3.06740649699222
17,3.21752038583265,0.8307224127196946,-0.15932375234371013,3.3768441381763603,angle_correlation,steel_4140,323.50609259875523,323.50609259875523,2.3192386000285836,305.4718836402449,al_4032_t6,311.53514069485277,3.0462772267894067
18,3.199003603659266,0.812170089859535,-0.17047404735391963,3.3694776510131854,angle_correlation,steel_4140,324.31826268861477,324.31826268861477,2.295082637473911,306.0709802436537,al_4032_t6,312.30693890358765,3.0244532300054416
19,3.1806502229186324,0.7958938147764343,-0.18155984035102488,3.362210063269657,angle_correlation,steel_4140,325.1141565033912,325.1141565033912,2.2708693979645034,306.6855150093841,al_4032_t6,313.0755483070666,3.0020549571814215
20,3.1624549762085143,0.7822871801205338,-0.19257666480082472,3.3550316410093393,angle_correlation,steel_4140,325.8956353808092,325.8956353808092,2.2466029003478383,307.31367693821716,al_4032_t6,313.84099029331264,2.9791763654092307
21,3.144413100465723,0.7748626942878332,-0.20352135390117762,3.3479344543669005,angle_correlation,steel_4140,326.66422846394596,326.66422846394596,2.222285467513352,307.95382462448686,al_4032_t6,314.60332610939827,2.9558910446176867
22,3.1265202703597583,0.7682155038648943,-0.21439171888794478,3.340911989247703,angle_correlation,steel_4140,327.42119782071813,327.42119782071813,2.197917958533857,308.6044740074073,al_4032_t6,315.3626408006916,2.932256889608631
23,3.1087725427688815,0.7622256447785958,-0.22518630688979663,3.333958849658678,angle_correlation,steel_4140,328.16758999155314,328.16758999155314,2.1735000330398435,309.26428593575565,al_4032_t6,316.1190320473694,2.9083196706753967
24,3.0911663100052773,0.7567955028590632,-0.2359042184805964,3.3270705284858737,angle_correlation,steel_4140,328.9042769303166,328.9042769303166,2.1490304151532413,309.9320539547738,al_4032_t6,316.87260251979444,2.884115768851281
25,3.07369826003157,0.7518448553644248,-0.24654497008731352,3.3202432301188836,angle_correlation,steel_4140,329.6319886361353,329.6319886361353,2.1245071386708503,310.60669257829716,al_4032_t6,317.6234547515127,2.8596742764177563
26,3.0563653423364534,0.7482330521610265,-0.2571083901388312,3.3134737324752845,angle_correlation,steel_4140,330.3513392576459,330.3513392576459,2.0999277642790304,311.28722620584324,al_4032_t6,318.37168780367375,2.8350186141423706
27,3.039164738450156,0.7457073914838475,-0.2675945406218346,3.306759279071991,angle_correlation,steel_4140,331.0628480530253,331.0628480530253,2.0752895653117776,311.97277877199997,al_4032_t6,319.1173951951576,2.8101677796872337
28,3.022093836311403,0.7432685235803547,-0.2780036577874876,3.3000974940988907,angle_correlation,steel_4140,331.76695628222274,331.76695628222274,2.0505896819935643,312.6625641653502,al_4032_t6,319.86066371873795,2.785137313831676
29,3.005150207868395,0.7409091511374299,-0.2883361073074107,3.2934863151758056,angle_correlation,steel_4140,332.46404087113166,332.46404087113166,2.025825246106727,313.3558774201563,al_4032_t6,320.6015728698754,2.7599400502182903
30,2.988331589423273,0.7386218221192848,-0.2985923503423952,3.286923939765668,angle_correlation,steel_4140,333.1544255047101,333.1544255047101,2.000993479017943,314.0520866615288,al_4032_t6,321.34019469199467,2.7345866985566403
31,2.97163586432517,0.7363992061838758,-0.3087729178608026,3.280408782185973,angle_correlation,steel_4140,333.838389664736,333.838389664736,1.9760917664379818,314.7506257705075,al_4032_t6,322.07659389817854,2.709086299369723
32,2.9550610476889196,0.7342342716826238,-0.3188783911996711,3.2739394388885907,angle_correlation,steel_4140,334.5161760183145,334.5161760183145,1.9511177133360036,315.4509877270126,al_4032_t6,322.81082816986117,2.6834465793363904
33,2.938605272872708,0.7321203926535986,-0.32890938735408576,3.2675146602267935,angle_correlation,steel_4140,335.1879964781326,335.1879964781326,1.9260691822315934,316.1527185841701,al_4032_t6,323.54294856251477,2.657674229515017
34,2.9222667794905965,0.7300514070057602,-0.3388665478513056,3.261133327341902,angle_correlation,steel_4140,335.85403718905815,335.85403718905815,1.9009443178497065,316.8554120259022,al_4032_t6,324.2729999695205,2.6317751235591658
35,2.9060439027706777,0.7280216411558627,-0.34875053034489456,3.2547944331155723,angle_correlation,steel_4140,336.51446264379007,336.51446264379007,1.875741560733779,317.5587044599065,al_4032_t6,325.0010216106764,2.605754489114709
36,2.8899350640965302,0.7260259120465093,-0.3585620022746185,3.2484970663711485,angle_correlation,steel_4140,337.16941908954897,337.16941908954897,1.8504596521102812,318.2622705996446,al_4032_t6,325.7270475227229,2.5796170425973486
37,2.8739387625925836,0.7240595143180144,-0.36830163609608596,3.2422403986886694,angle_correlation,steel_4140,337.81903735572087,337.81903735572087,1.825097631927619,318.9658194912274,al_4032_t6,326.4511070370409,2.5533670952428977
38,2.8580535676320085,0.7221181981575455,-0.37797010570416484,3.2360236733361734,angle_correlation,steel_4140,338.4634352070474,338.4634352070474,1.7996548317000816,319.6690909437796,al_4032_t6,327.17322523519846,2.5270086365889455
39,2.842278112161421,0.7201981416888543,-0.3875680837644823,3.2298461959259033,angle_correlation,steel_4140,339.102719306861,339.102719306861,1.774130863501533,320.37185232481784,al_4032_t6,327.8934233768873,2.5005454001716387
40,2.826611086749944,0.7182959205752582,-0.3970962397357785,3.2237073264857226,angle_correlation,steel_4140,339.7369868588736,339.7369868588736,1.7485256062172994,321.0738956851488,al_4032_t6,328.61171929746257,2.4739809152052317
41,2.8110512342808205,0.7164084766849896,-0.4065552384179567,3.2176064726987774,angle_correlation,steel_4140,340.36632698323933,340.36632698323933,1.7228391899406503,321.77503518078186,al_4032_t6,329.32812777414756,2.4473185471709513
42,2.7955973452141314,0.714533087029281,-0.4159457388997045,3.2115430841138357,angle_correlation,steel_4140,340.9908218723942,340.9908218723942,1.69707197924307,322.47510476216263,al_4032_t6,330.04266086117684,2.4205615296466476
43,2.780248253356856,0.712667333771833,-0.4252683938097244,3.2055166471665806,angle_correlation,steel_4140,341.6105477639027,341.6105477639027,1.6712245558494487,323.17395610376235,al_4032_t6,330.7553281949487,2.393712989185559
44,2.7650028320842526,0.7108090757910759,-0.43452384879817485,3.1995266808824274,angle_correlation,steel_4140,342.22557576090736,342.22557576090736,1.6452977012049175,323.8714567495719,al_4032_t6,331.46613727073975,2.366775964722123
45,2.7498599909627663,0.7089564220809734,-0.44371274219230405,3.1935727331550705,angle_correlation,steel_4140,342.8359725253631,342.8359725253631,1.6192923792166525,324.5674884523868,al_4032_t6,332.1750936928207,2.3397534225964023
46,2.7348186727302135,0.7071077070977481,-0.45283570478335794,3.1876543775135713,angle_correlation,steel_4140,343.4418008648638,343.4418008648638,1.5932097194690797,325.26194568693654,al_4032_t6,332.8822013999185,2.3126482681741223
47,2.7198778505941665,0.7052614680975466,-0.46189335971213136,3.181771210306298,angle_correlation,steel_4140,344.0431202302826,344.0431202302826,1.5670510010510341,325.95473431888166,al_4032_t6,333.587462868016,2.2854633547133574
48,2.7050365258135916,0.7034164244184922,-0.47088632242792017,3.1759228482415116,angle_correlation,steel_4140,344.6399871385242,344.6399871385242,1.5408176371565219,326.64577041349924,al_4032_t6,334.2908792924345,2.2582014901120218
49,2.690293725532901,0.7015714586206059,-0.479815200701865,3.1701089262347657,angle_correlation,steel_4140,345.2324555322779,345.2324555322779,1.5145111605185946,327.33497916951455,al_4032_t6,334.9924507510551,2.230865441957164
50,2.675648500840811,0.6997255993915701,-0.4886805946799641,3.164329095520775,angle_correlation,steel_4140,345.8205770866853,345.8205770866853,1.4881332097358424,328.0222939650134,al_4032_t6,335.6921763504467,2.203457941252651
51,2.6610999250295917,0.6978780060791792,-0.49748309696458776,3.1585830219941795,angle_correlation,steel_4140,346.40440147120427,346.40440147120427,1.461685516503053,328.7076555037194,al_4032_t6,336.39005435652587,2.1759816851245617
52,2.6466470920328904,0.6960279547474784,-0.5062232927160689,3.1528703847489594,angle_correlation,steel_4140,346.98397657360414,346.98397657360414,1.4351698937646873,329.3910110511149,al_4032_t6,337.08608231127334,2.1484393387245504
53,2.6322891150227896,0.694174825617381,-0.5149017597678286,3.1471908747906183,angle_correlation,steel_4140,347.55934869189673,347.55934869189673,1.4085882247441006,330.0723137509813,al_4032_t6,337.7802571368907,2.120833536509714
54,2.618025125148911,0.6923180917679019,-0.5235190687501738,3.141544193899085,angle_correlation,steel_4140,348.1305626990883,348.1305626990883,1.3819424528618285,330.7515220139061,al_4032_t6,338.4725752286586,2.0931668830765915
55,2.6038542704040712,0.6904573089993278,-0.5320757832191916,3.135930053623263,angle_correlation,steel_4140,348.69766218485995,348.69766218485995,1.3552345724647807,331.42859897019076,al_4032_t6,339.16303253765795,2.0654419536203505
56,2.589775714603046,0.6885921067342906,-0.5405724597878755,3.1303481743909214,angle_correlation,steel_4140,349.26068957762936,349.26068957762936,1.328466620366342,332.10351198037966,al_4032_t6,339.85162464439225,2.0376612941532812
57,2.5757886364620646,0.6867221798596574,-0.5490096482575832,3.124798284719648,angle_correlation,steel_4140,349.8196862499199,349.8196862499199,1.301640668121884,332.7762321973365,al_4032_t6,340.5383468242519,2.0098274215278877
58,2.5618922287683823,0.6848472814268689,-0.5573878917482897,3.119280120516672,angle_correlation,steel_4140,350.37469260949854,350.37469260949854,1.2747588150094913,333.4467341744461,al_4032_t6,341.2231941056788,1.9819428233276426
59,2.5480856976301607,0.6829672161067037,-0.5657077268266377,3.1137934244567984,angle_correlation,steel_4140,350.92574817836964,350.92574817836964,1.2478231816670515,334.1149955150569,al_4032_t6,341.9061613217855,1.9540099576804693
60,2.5343682617981056,0.6810818343433311,-0.5739696836310562,3.1083379454291618,angle_correlation,steel_4140,351.4728916613919,351.4728916613919,1.2208359043395234,334.78099655883244,al_4032_t6,342.5872431561288,1.9260312530162693
61,2.5207391520512408,0.6791910271149391,-0.5821742859934373,3.1029134380446783,angle_correlation,steel_4140,352.0161610060214,352.0161610060214,1.1937991296813166,335.4447201011064,al_4032_t6,343.26643418324375,1.8980091077960282
62,2.507197610639936,0.6772947212651275,-0.5903220515571195,3.0975196621970555,angle_correlation,steel_4140,352.5555934544446,352.5555934544446,1.1667150100933554,336.10615114175664,al_4032_t6,343.9437289045089,1.8699458902409205
63,2.4937428907801773,0.6753928753103651,-0.598413491890986,3.0921563826711633,angle_correlation,steel_4140,353.0912255891947,353.14252142085945,1.1395856995219944,336.7652766604831,al_4032_t6,344.61912177981924,1.841843938065857
64,2.48037425619355,0.6734854757132211,-0.6064491125997028,3.0868233687932527,angle_correlation,steel_4140,353.62309337316043,353.80428206455247,1.1124133497091293,337.4220854157003,al_4032_t6,345.29260725553246,1.8137055582387873
65,2.467090980688239,0.6715725335430989,-0.6144294134300049,3.0815203941182436,angle_correlation,steel_4140,354.15123218478124,354.46421158737576,1.0852001068375472,338.0765677645465,al_4032_t6,345.96417978907556,1.7855330267568803
66,2.4538923477766708,0.669654081496958,-0.6223548883731906,3.0762472361498614,angle_correlation,steel_4140,354.6756768490976,355.12230578066976,1.0579481085448705,338.7287155017834,al_4032_t6,346.6338338705725,1.7573285884671108
67,2.4407776503258924,0.6677301712416579,-0.6302260257639586,3.071003676089851,angle_correlation,steel_4140,355.19646166522085,355.778560243438,1.030659481268792,339.3785217155848,al_4032_t6,347.3015640418142,1.7290944569134936
68,2.427746190237369,0.6658008710401191,-0.6380433083756717,3.0657894986130407,angle_correlation,steel_4140,355.7136204307188,356.43297042608623,1.0033363378978422,340.0259806584328,al_4032_t6,347.9673649128543,1.7008328142225082
69,2.414797278153111,0.6638662636352137,-0.645807213512214,3.060604491665325,angle_correlation,steel_4140,356.2271864633327,357.0855316691459,0.9759807756983818,340.6710876315247,al_4032_t6,348.6312311764895,1.67254581102938
70,2.4019302331853836,0.6619264443615407,-0.6535182130966235,3.055448446282007,angle_correlation,steel_4140,356.7371926203836,357.73623923752393,0.9485948744938355,341.31383888126027,al_4032_t6,349.29315762085105,1.6442355664381125
71,2.3891443826675096,0.6599815194629173,-0.661176773756735,3.0503211564242445,angle_correlation,steel_4140,357.2436713161754,358.3850883507574,0.9211806950562007,341.9542315065381,al_4032_t6,349.95313914031397,1.6159041680134933
72,2.3764390619236977,0.6580316045921109,-0.6687833569078692,3.0452224188315666,angle_correlation,steel_4140,357.7466545376588,359.03207420970716,0.8937402777284831,342.592263375711,al_4032_t6,350.6111707449061,1.5875536718192862
73,2.3638136140559585,0.6560768234761554,-0.6763384188328112,3.0401520328887695,angle_correlation,steel_4140,358.24617385858386,359.6771920200591,0.8662756411990102,343.2279330521851,al_4032_t6,351.26724756838223,1.5591861024732978
74,2.35126738974626,0.6541173067236628,-0.683842410759269,3.0351098005055293,angle_correlation,steel_4140,358.74226045233394,360.3204370129921,0.8387887814738093,343.8612397277537,al_4032_t6,351.9213648751059,1.5308034532441894
75,2.3387997470724566,0.652153190766569,-0.691295778934904,3.0300955260073605,angle_correlation,steel_4140,359.23494510361166,360.9618044633057,0.8112816709733295,344.49218316283714,al_4032_t6,352.57351806587246,1.5024076861731572
76,2.3264100513366195,0.6501846169199439,-0.6986989647001167,3.025109016036736,angle_correlation,steel_4140,359.72425821912077,361.60128970529297,0.7837562577774904,345.1207636329093,al_4032_t6,353.2237026827924,1.4740007322178172
77,2.314097674904514,0.6482117305420161,-0.7060524045586909,3.020150079463205,angle_correlation,steel_4140,360.21022983736793,362.2388881465891,0.7562144649906344,345.7469818804557,al_4032_t6,353.8719144133344,1.4455844914254001
78,2.301861997055103,0.6462346802921957,-0.7133565302464975,3.0152185273016006,angle_correlation,steel_4140,360.6928896376947,362.87459528022634,0.7286581902086198,346.37083907187196,al_4032_t6,354.5181490936266,1.417160833126374
79,2.289702403839107,0.6442536174633346,-0.7206117687982839,3.010314172637391,angle_correlation,steel_4140,361.1722669486335,363.5084066950829,0.7010893050933831,346.99233675879714,al_4032_t6,355.16240271108995,1.3887315961422786
80,2.2776182879457734,0.6422686954024925,-0.7278185426127378,3.0054368305585113,angle_correlation,steel_4140,361.6483907556634,364.140318084908,0.6735096550221087,347.6114768433927,al_4032_t6,355.80467140649245,1.3602985890210917
81,2.2656090485770064,0.6402800689890569,-0.7349772695158726,3.000586318092879,angle_correlation,steel_4140,362.1212897084444,364.7703252560668,0.645921058824328,348.22826154717586,al_4032_t6,356.4449514754815,1.3318635902797027
82,2.253674091328211,0.6382878941706167,-0.7420883628228996,2.9957624541511105,angle_correlation,steel_4140,362.59099212758434,365.3984241341574,0.618325308584744,348.84269338300663,al_4032_t6,357.0832393696521,1.3034283486650367
83,2.241812828075148,0.6362923275576122,-0.7491522313985964,2.9909650594737442,angle_correlation,steel_4140,363.05752601099687,366.02461076961737,0.5907241695073395,349.45477512991715,al_4032_t6,357.71953169720973,1.2749945834249488
84,2.2300246768663357,0.6342935260626632,-0.7561692797163313,2.986193956582667,angle_correlation,steel_4140,363.5209190398866,366.64888134243057,0.563119379837218,350.0645098104749,al_4032_t6,358.3538252232724,1.2465639845959942
85,2.218309061820426,0.6322916465840649,-0.7631399079157327,2.981448969736159,angle_correlation,steel_4140,363.98119858441896,367.27123216604184,0.5355126508250763,350.67190067041525,al_4032_t6,358.98611686985646,1.2181382132858687
86,2.2066654130280634,0.6302868457215709,-0.7700645118591998,2.9767299248872634,angle_correlation,steel_4140,364.43839170909285,367.8916596905558,0.5079056667476323,351.2769511603008,al_4032_t6,359.61640371557803,1.1897189019869359
87,2.195093166457969,0.6282792795355476,-0.7769434831871637,2.972036649645133,angle_correlation,steel_4140,364.892525177855,368.5101605053057,0.4803000849502581,351.8796649190023,al_4032_t6,360.2446829951136,1.1613076548746548
88,2.1835917638667395,0.626269103323466,-0.7837772093722868,2.9673689732390263,angle_correlation,steel_4140,365.3436254589813,369.12673134086845,0.452697535937574,352.4800457588034,al_4032_t6,360.87095209843704,1.13290604812466
89,2.1721606527120936,0.6242564714376613,-0.7905660737725952,2.962726726484689,angle_correlation,steel_4140,365.79171872974973,369.7413690705799,0.4250996234880233,352.9328696357994,al_4032_t6,361.4952085698747,1.104515630229841
90,2.1607992860692837,0.6222415371129841,-0.7973104556835946,2.9581097417528786,angle_correlation,steel_4140,366.23683088092446,370.35407071161177,0.3975079247942048,353.38101162069563,al_4032_t6,362.1174501069877,1.0761379223263035
91,2.1495071225504185,0.6202244523261129,-0.8040107303894454,2.953517852939864,angle_correlation,steel_4140,366.6789875210669,370.96483342565887,0.36992399063073833,353.82622562170855,al_4032_t6,362.7376745593138,1.0477744185148907
92,2.138283626226428,0.618205367671294,-0.8106672692132005,2.9489508954396286,angle_correlation,steel_4140,367.1182139806939,371.5736545192831,0.34234934553545315,354.2685362619885,al_4032_t6,363.3558799269851,1.0194265861889207
93,2.1271282665514946,0.6161844322460865,-0.8172804395661649,2.9444087061176596,angle_correlation,steel_4140,367.5545353162937,372.18053144395543,0.31478548801722184,354.70796790554033,al_4032_t6,363.9720643592312,0.9910958663681413
94,2.116040518289727,0.6141617935683712,-0.8238506049964484,2.9398911232861753,angle_correlation,steel_4140,367.98797631421473,372.7854617958297,0.287233890769123,355.1445446604298,al_4032_t6,364.58622615279955,0.9627836740220275
95,2.105019861443936,0.6121375974830698,-0.8303781252366422,2.935397986680578,angle_correlation,steel_4140,368.4185614944339,373.38844331527827,0.2582377578930206,355.5782903819387,al_4032_t6,365.1983637502826,0.9344913984108416
96,2.0940657811863885,0.6101119881063823,-0.836863356250784,2.9309291374371726,angle_correlation,steel_4140,368.8463151142178,373.9894738862256,0.22703928655243288,356.0092286756674,al_4032_t6,365.808475738389,0.906220403406266
97,2.0831777677913044,0.6080851077633156,-0.843306650280544,2.926484418071848,angle_correlation,steel_4140,369.2712611716865,374.5885515352963,0.19586928451520436,356.4373829005923,al_4032_t6,366.4165608461523,0.8779720278306868
98,2.072355316569073,0.6060570969391392,-0.8497083558906577,2.9220636724597306,angle_correlation,steel_4140,369.6934234092784,375.18567443080855,0.16472913485099383,356.8627761720671,al_4032_t6,367.02261794309146,0.8497475857787151
99,2.0615979278020657,0.6040280942414142,-0.8560688180136928,2.9176667458157586,angle_correlation,steel_4140,370.1128253171395,375.78084088162655,0.13362019522045188,357.2854313647883,al_4032_t6,367.6266460373329,0.8215483669555823
100,2.0509051066818658,0.6019982363698659,-0.8623883779941234,2.913293484675989,angle_correlation,steel_4140,370.5294901364193,376.37404933589426,0.10254379814966796,357.70537111570854,al_4032_t6,368.22864427370274,0.7933756369951084
101,2.0402763632478926,0.5999676580897244,-0.8686673736317816,2.9089437368796744,angle_correlation,steel_4140,370.9434408625075,376.96529837966403,0.07150125132238117,358.1226178269127,al_4032_t6,368.82861193179247,0.7652306377927687
102,2.0297112123273506,0.5979364922122841,-0.874906139224588,2.9046173515519387,angle_correlation,steel_4140,371.35470024818903,377.5545867354385,0.04049383786774996,358.5371936684451,al_4032_t6,369.42654842400475,0.7371145878218854
103,2.0192091734763924,0.5959048695808633,-0.8811050056107443,2.9003141790871365,angle_correlation,steel_4140,371.7632908067383,378.1419132606323,0.009522816659668365,358.9491205811029,al_4032_t6,370.0224532935856,0.7090286824622538
104,2.0087697709224317,0.593872919063017,-0.8872643002102667,2.8960340711326986,angle_correlation,steel_4140,372.16923481495365,378.72727694597205,-0.021410577391023367,359.35842027918324,al_4032_t6,370.61632621264863,0.6809740943118925
105,1.9983925335075772,0.5918407675439994,-0.8933843470659554,2.8917768805735324,angle_correlation,steel_4140,372.5725543161273,379.31067691383925,-0.05230513303100537,359.76511425319705,al_4032_t6,371.20816698019263,0.6529519735085643
106,1.9880769946330532,0.5898085399258548,-0.8994654668837954,2.8875424615168486,angle_correlation,steel_4140,372.97327112296506,379.8921124165684,-0.08315966236871475,360.16922377254167,al_4032_t6,371.7979755201185,0.6249634480406385
107,1.9778226922047173,0.5877763591313396,-0.9055079770727513,2.8833306692774685,angle_correlation,steel_4140,373.37140682045316,380.4715828347047,-0.11218514049371464,360.5707698881372,al_4032_t6,372.3857518792498,0.5987974841330512
108,1.967629168579406,0.5857443461007392,-0.9115121917840846,2.8791413603634908,angle_correlation,steel_4140,373.7669827686731,381.04908767523364,-0.1397618696978853,360.96977343502795,al_4032_t6,372.97149622535056,0.5740737220358838
109,1.957495970512321,0.5837126198087503,-0.917478421950045,2.874974392462366,angle_correlation,steel_4140,374.1600201055657,381.62462656978596,-0.16731564535188426,361.3662550349441,al_4032_t6,373.5552088451593,0.5468881825221317
110,1.9474226491051405,0.5816812972670959,-0.9234069753221485,2.870829624427289,angle_correlation,steel_4140,374.5505397496581,382.19819927282333,-0.19484520107049264,361.76023509883896,al_4032_t6,374.1368901424264,0.5186409555619775
111,1.9374087597550647,0.5796504935378266,-0.9292981565088435,2.866706916263908,angle_correlation,steel_4140,374.93856240273277,382.7698056598098,-0.22234929407716209,362.1517338293788,al_4032_t6,374.71654063596424,0.4904248989552329
112,1.9274538621046773,0.5776203217461102,-0.9351522670127017,2.862606129117379,angle_correlation,steel_4140,375.32410855247264,383.33944572537064,-0.24982670487716518,362.54077122340806,al_4032_t6,375.29416095771035,0.46224117579107826
113,1.9175575199925234,0.575590893092965,-0.9409696052671379,2.8585271252596614,angle_correlation,steel_4140,375.7071984750445,383.9071195814538,-0.27727623694762116,362.92736707438144,al_4032_t6,375.8697518508033,0.43409092672508365
114,1.9077193014044371,0.573562316872426,-0.9467504666726335,2.8544697680770708,angle_correlation,steel_4140,376.08785223766137,384.47282745548347,-0.3046967164186398,363.3115409747612,al_4032_t6,376.44331416767574,0.40597527031138725
115,1.89793877842565,0.5715347004875753,-0.9524951436324737,2.850433922058124,angle_correlation,steel_4140,376.46608970109287,385.0365696885153,-0.3320869917597946,363.6933123183849,al_4032_t6,377.0148488681633,0.37789530331266974
116,1.8882155271935452,0.5695081494660599,-0.9582039255880235,2.8464194527815687,angle_correlation,steel_4140,376.8419305221475,385.59834673339464,-0.3594459334710365,364.0727003028014,al_4032_t6,377.5843570176294,0.34985210101723396
117,1.8785491278511628,0.567482767482602,-0.9638770990535346,2.8424262269046974,angle_correlation,steel_4140,377.2153941561119,386.1581591529235,-0.3867724337753842,364.4497239315754,al_4032_t6,378.151839785112,0.3218467175445383
118,1.868939164501291,0.565458656374517,-0.9695149476505116,2.8384541121518025,angle_correlation,steel_4140,377.5864998591627,386.71600761803444,-0.41406540631250266,364.8244020165639,al_4032_t6,378.7172984414865,0.29388018615694733
119,1.8593852251612195,0.5634359161610405,-0.9751177521416556,2.834502977302875,angle_correlation,steel_4140,377.9552666907362,387.2718929059746,-0.44132378583849885,365.19675318016635,al_4032_t6,379.28073435764753,0.2659535195537188
120,1.849886901718151,0.5614146450655539,-0.9806857904643222,2.830572692182473,angle_correlation,steel_4140,378.3217135158707,387.8258158985009,-0.46854652792571727,365.5667958575372,al_4032_t6,379.8421490027131,0.23806771018008988
