record_id,mixture_number,mixture_label,ch4_volume_fraction,dme_volume_fraction,equivalence_ratio,temperature_adjusted_K,pressure_adjusted_atm,ignition_delay_us,pressure_original_atm,temperature_original_K,high_temperature_correlation_us,low_temperature_correlation_us,adjustment_status,ignition_target,ignition_type,facility,source_instrument,provenance,notes
zinner2008_mix1_row01,1,80CH4_20DME,0.80,0.20,2.0,1487,12.4,39,13.2,1505,32,,adjusted_state_not_delay,endwall pressure rise,total ignition delay (tau_ign),not_stated_per_appendix_row,endwall piezoelectric pressure transducer,"Zinner 2008 Appendix TABULATED DATA, Mix #1, printed p.55, PDF p.69, row 1",Adjusted T/P are the thesis adjusted state; original P/T and both thesis correlation columns are retained verbatim. Facility is not assigned because the appendix table does not label rows.
zinner2008_mix1_row02,1,80CH4_20DME,0.80,0.20,2.0,1384,13.8,84,14.8,1401,82,,adjusted_state_not_delay,endwall pressure rise,total ignition delay (tau_ign),not_stated_per_appendix_row,endwall piezoelectric pressure transducer,"Zinner 2008 Appendix TABULATED DATA, Mix #1, printed p.55, PDF p.69, row 2",Adjusted T/P are the thesis adjusted state; original P/T and both thesis correlation columns are retained verbatim. Facility is not assigned because the appendix table does not label rows.
zinner2008_mix1_row03,1,80CH4_20DME,0.80,0.20,2.0,1338,15.4,128,16.5,1355,127,,adjusted_state_not_delay,endwall pressure rise,total ignition delay (tau_ign),not_stated_per_appendix_row,endwall piezoelectric pressure transducer,"Zinner 2008 Appendix TABULATED DATA, Mix #1, printed p.55, PDF p.69, row 3",Adjusted T/P are the thesis adjusted state; original P/T and both thesis correlation columns are retained verbatim. Facility is not assigned because the appendix table does not label rows.
zinner2008_mix1_row04,1,80CH4_20DME,0.80,0.20,2.0,1276,15.6,235,16.2,1286,291,,adjusted_state_not_delay,endwall pressure rise,total ignition delay (tau_ign),not_stated_per_appendix_row,endwall piezoelectric pressure transducer,"Zinner 2008 Appendix TABULATED DATA, Mix #1, printed p.55, PDF p.69, row 4",Adjusted T/P are the thesis adjusted state; original P/T and both thesis correlation columns are retained verbatim. Facility is not assigned because the appendix table does not label rows.
zinner2008_mix1_row05,1,80CH4_20DME,0.80,0.20,2.0,1195,17.0,477,17.7,1204,825,,adjusted_state_not_delay,endwall pressure rise,total ignition delay (tau_ign),not_stated_per_appendix_row,endwall piezoelectric pressure transducer,"Zinner 2008 Appendix TABULATED DATA, Mix #1, printed p.55, PDF p.69, row 5",Adjusted T/P are the thesis adjusted state; original P/T and both thesis correlation columns are retained verbatim. Facility is not assigned because the appendix table does not label rows.
zinner2008_mix1_row06,1,80CH4_20DME,0.80,0.20,2.0,1123,17.7,915,18.5,1133,,948,adjusted_state_not_delay,endwall pressure rise,total ignition delay (tau_ign),not_stated_per_appendix_row,endwall piezoelectric pressure transducer,"Zinner 2008 Appendix TABULATED DATA, Mix #1, printed p.55, PDF p.69, row 6",Adjusted T/P are the thesis adjusted state; original P/T and both thesis correlation columns are retained verbatim. Facility is not assigned because the appendix table does not label rows.
zinner2008_mix1_row07,1,80CH4_20DME,0.80,0.20,2.0,1074,18.9,1311,19.7,1082,,1153,adjusted_state_not_delay,endwall pressure rise,total ignition delay (tau_ign),not_stated_per_appendix_row,endwall piezoelectric pressure transducer,"Zinner 2008 Appendix TABULATED DATA, Mix #1, printed p.55, PDF p.69, row 7",Adjusted T/P are the thesis adjusted state; original P/T and both thesis correlation columns are retained verbatim. Facility is not assigned because the appendix table does not label rows.
zinner2008_mix1_row08,1,80CH4_20DME,0.80,0.20,2.0,1020,19.1,1754,20.1,1030,,1519,adjusted_state_not_delay,endwall pressure rise,total ignition delay (tau_ign),not_stated_per_appendix_row,endwall piezoelectric pressure transducer,"Zinner 2008 Appendix TABULATED DATA, Mix #1, printed p.55, PDF p.69, row 8",Adjusted T/P are the thesis adjusted state; original P/T and both thesis correlation columns are retained verbatim. Facility is not assigned because the appendix table does not label rows.
zinner2008_mix1_row09,1,80CH4_20DME,0.80,0.20,2.0,993,20.2,1809,21.2,1003,,1699,adjusted_state_not_delay,endwall pressure rise,total ignition delay (tau_ign),not_stated_per_appendix_row,endwall piezoelectric pressure transducer,"Zinner 2008 Appendix TABULATED DATA, Mix #1, printed p.55, PDF p.69, row 9",Adjusted T/P are the thesis adjusted state; original P/T and both thesis correlation columns are retained verbatim. Facility is not assigned because the appendix table does not label rows.
zinner2008_mix1_row10,1,80CH4_20DME,0.80,0.20,2.0,956,20.5,2091,21.7,966,,2121,adjusted_state_not_delay,endwall pressure rise,total ignition delay (tau_ign),not_stated_per_appendix_row,endwall piezoelectric pressure transducer,"Zinner 2008 Appendix TABULATED DATA, Mix #1, printed p.55, PDF p.69, row 10",Adjusted T/P are the thesis adjusted state; original P/T and both thesis correlation columns are retained verbatim. Facility is not assigned because the appendix table does not label rows.
zinner2008_mix1_row11,1,80CH4_20DME,0.80,0.20,2.0,929,21.6,2287,23.1,941,,2361,adjusted_state_not_delay,endwall pressure rise,total ignition delay (tau_ign),not_stated_per_appendix_row,endwall piezoelectric pressure transducer,"Zinner 2008 Appendix TABULATED DATA, Mix #1, printed p.55, PDF p.69, row 11",Adjusted T/P are the thesis adjusted state; original P/T and both thesis correlation columns are retained verbatim. Facility is not assigned because the appendix table does not label rows.
zinner2008_mix1_row12,1,80CH4_20DME,0.80,0.20,2.0,1491,5.4,62,5.4,1493,60,,adjusted_state_not_delay,endwall pressure rise,total ignition delay (tau_ign),not_stated_per_appendix_row,endwall piezoelectric pressure transducer,"Zinner 2008 Appendix TABULATED DATA, Mix #1, printed p.55, PDF p.69, row 12",Adjusted T/P are the thesis adjusted state; original P/T and both thesis correlation columns are retained verbatim. Facility is not assigned because the appendix table does not label rows.
zinner2008_mix1_row13,1,80CH4_20DME,0.80,0.20,2.0,1387,5.9,149,6.2,1401,136,,adjusted_state_not_delay,endwall pressure rise,total ignition delay (tau_ign),not_stated_per_appendix_row,endwall piezoelectric pressure transducer,"Zinner 2008 Appendix TABULATED DATA, Mix #1, printed p.55, PDF p.69, row 13",Adjusted T/P are the thesis adjusted state; original P/T and both thesis correlation columns are retained verbatim. Facility is not assigned because the appendix table does not label rows.
zinner2008_mix1_row14,1,80CH4_20DME,0.80,0.20,2.0,1314,6.3,283,6.7,1329,293,,adjusted_state_not_delay,endwall pressure rise,total ignition delay (tau_ign),not_stated_per_appendix_row,endwall piezoelectric pressure transducer,"Zinner 2008 Appendix TABULATED DATA, Mix #1, printed p.55, PDF p.69, row 14",Adjusted T/P are the thesis adjusted state; original P/T and both thesis correlation columns are retained verbatim. Facility is not assigned because the appendix table does not label rows.
zinner2008_mix1_row15,1,80CH4_20DME,0.80,0.20,2.0,1281,6.9,383,7.2,1293,430,,adjusted_state_not_delay,endwall pressure rise,total ignition delay (tau_ign),not_stated_per_appendix_row,endwall piezoelectric pressure transducer,"Zinner 2008 Appendix TABULATED DATA, Mix #1, printed p.55, PDF p.69, row 15",Adjusted T/P are the thesis adjusted state; original P/T and both thesis correlation columns are retained verbatim. Facility is not assigned because the appendix table does not label rows.
zinner2008_mix1_row16,1,80CH4_20DME,0.80,0.20,2.0,1227,7.2,662,7.8,1243,781,,adjusted_state_not_delay,endwall pressure rise,total ignition delay (tau_ign),not_stated_per_appendix_row,endwall piezoelectric pressure transducer,"Zinner 2008 Appendix TABULATED DATA, Mix #1, printed p.55, PDF p.69, row 16",Adjusted T/P are the thesis adjusted state; original P/T and both thesis correlation columns are retained verbatim. Facility is not assigned because the appendix table does not label rows.
zinner2008_mix1_row17,1,80CH4_20DME,0.80,0.20,2.0,1190,7.5,1049,8.0,1203,1349,,adjusted_state_not_delay,endwall pressure rise,total ignition delay (tau_ign),not_stated_per_appendix_row,endwall piezoelectric pressure transducer,"Zinner 2008 Appendix TABULATED DATA, Mix #1, printed p.55, PDF p.69, row 17",Adjusted T/P are the thesis adjusted state; original P/T and both thesis correlation columns are retained verbatim. Facility is not assigned because the appendix table does not label rows.
zinner2008_mix1_row18,1,80CH4_20DME,0.80,0.20,2.0,1650,0.9,92,1.0,1656,43,,adjusted_state_not_delay,endwall pressure rise,total ignition delay (tau_ign),not_stated_per_appendix_row,endwall piezoelectric pressure transducer,"Zinner 2008 Appendix TABULATED DATA, Mix #1, printed p.55, PDF p.69, row 18",Adjusted T/P are the thesis adjusted state; original P/T and both thesis correlation columns are retained verbatim. Facility is not assigned because the appendix table does not label rows.
zinner2008_mix1_row19,1,80CH4_20DME,0.80,0.20,2.0,1551,1.1,152,1.2,1563,79,,adjusted_state_not_delay,endwall pressure rise,total ignition delay (tau_ign),not_stated_per_appendix_row,endwall piezoelectric pressure transducer,"Zinner 2008 Appendix TABULATED DATA, Mix #1, printed p.55, PDF p.69, row 19",Adjusted T/P are the thesis adjusted state; original P/T and both thesis correlation columns are retained verbatim. Facility is not assigned because the appendix table does not label rows.
zinner2008_mix1_row20,1,80CH4_20DME,0.80,0.20,2.0,1459,1.3,265,1.3,1472,167,,adjusted_state_not_delay,endwall pressure rise,total ignition delay (tau_ign),not_stated_per_appendix_row,endwall piezoelectric pressure transducer,"Zinner 2008 Appendix TABULATED DATA, Mix #1, printed p.55, PDF p.69, row 20",Adjusted T/P are the thesis adjusted state; original P/T and both thesis correlation columns are retained verbatim. Facility is not assigned because the appendix table does not label rows.
zinner2008_mix1_row21,1,80CH4_20DME,0.80,0.20,2.0,1407,1.3,401,1.4,1423,258,,adjusted_state_not_delay,endwall pressure rise,total ignition delay (tau_ign),not_stated_per_appendix_row,endwall piezoelectric pressure transducer,"Zinner 2008 Appendix TABULATED DATA, Mix #1, printed p.55, PDF p.69, row 21",Adjusted T/P are the thesis adjusted state; original P/T and both thesis correlation columns are retained verbatim. Facility is not assigned because the appendix table does not label rows.
zinner2008_mix1_row22,1,80CH4_20DME,0.80,0.20,2.0,1352,1.4,749,1.6,1379,390,,adjusted_state_not_delay,endwall pressure rise,total ignition delay (tau_ign),not_stated_per_appendix_row,endwall piezoelectric pressure transducer,"Zinner 2008 Appendix TABULATED DATA, Mix #1, printed p.55, PDF p.69, row 22",Adjusted T/P are the thesis adjusted state; original P/T and both thesis correlation columns are retained verbatim. Facility is not assigned because the appendix table does not label rows.
zinner2008_mix1_row23,1,80CH4_20DME,0.80,0.20,2.0,1323,1.5,941,1.7,1340,588,,adjusted_state_not_delay,endwall pressure rise,total ignition delay (tau_ign),not_stated_per_appendix_row,endwall piezoelectric pressure transducer,"Zinner 2008 Appendix TABULATED DATA, Mix #1, printed p.55, PDF p.69, row 23",Adjusted T/P are the thesis adjusted state; original P/T and both thesis correlation columns are retained verbatim. Facility is not assigned because the appendix table does not label rows.
zinner2008_mix2_row01,2,80CH4_20DME,0.80,0.20,1.0,1347,26.0,80,27.2,1359,95,,adjusted_state_not_delay,endwall pressure rise,total ignition delay (tau_ign),not_stated_per_appendix_row,endwall piezoelectric pressure transducer,"Zinner 2008 Appendix TABULATED DATA, Mix #2, printed p.55, PDF p.69, row 1",Adjusted T/P are the thesis adjusted state; original P/T and both thesis correlation columns are retained verbatim. Facility is not assigned because the appendix table does not label rows.
zinner2008_mix2_row02,2,80CH4_20DME,0.80,0.20,1.0,1299,27.7,130,28.2,1303,180,,adjusted_state_not_delay,endwall pressure rise,total ignition delay (tau_ign),not_stated_per_appendix_row,endwall piezoelectric pressure transducer,"Zinner 2008 Appendix TABULATED DATA, Mix #2, printed p.55, PDF p.69, row 2",Adjusted T/P are the thesis adjusted state; original P/T and both thesis correlation columns are retained verbatim. Facility is not assigned because the appendix table does not label rows.
zinner2008_mix2_row03,2,80CH4_20DME,0.80,0.20,1.0,1212,30.0,296,31.1,1221,495,,adjusted_state_not_delay,endwall pressure rise,total ignition delay (tau_ign),not_stated_per_appendix_row,endwall piezoelectric pressure transducer,"Zinner 2008 Appendix TABULATED DATA, Mix #2, printed p.55, PDF p.69, row 3",Adjusted T/P are the thesis adjusted state; original P/T and both thesis correlation columns are retained verbatim. Facility is not assigned because the appendix table does not label rows.
zinner2008_mix2_row04,2,80CH4_20DME,0.80,0.20,1.0,1119,31.6,598,33.5,1133,,666,adjusted_state_not_delay,endwall pressure rise,total ignition delay (tau_ign),not_stated_per_appendix_row,endwall piezoelectric pressure transducer,"Zinner 2008 Appendix TABULATED DATA, Mix #2, printed p.55, PDF p.69, row 4",Adjusted T/P are the thesis adjusted state; original P/T and both thesis correlation columns are retained verbatim. Facility is not assigned because the appendix table does not label rows.
zinner2008_mix2_row05,2,80CH4_20DME,0.80,0.20,1.0,1040,32.5,985,34.7,1054,,980,adjusted_state_not_delay,endwall pressure rise,total ignition delay (tau_ign),not_stated_per_appendix_row,endwall piezoelectric pressure transducer,"Zinner 2008 Appendix TABULATED DATA, Mix #2, printed p.55, PDF p.69, row 5",Adjusted T/P are the thesis adjusted state; original P/T and both thesis correlation columns are retained verbatim. Facility is not assigned because the appendix table does not label rows.
zinner2008_mix2_row06,2,80CH4_20DME,0.80,0.20,1.0,996,35.2,1180,37.2,1008,,1195,adjusted_state_not_delay,endwall pressure rise,total ignition delay (tau_ign),not_stated_per_appendix_row,endwall piezoelectric pressure transducer,"Zinner 2008 Appendix TABULATED DATA, Mix #2, printed p.55, PDF p.69, row 6",Adjusted T/P are the thesis adjusted state; original P/T and both thesis correlation columns are retained verbatim. Facility is not assigned because the appendix table does not label rows.
zinner2008_mix2_row07,2,80CH4_20DME,0.80,0.20,1.0,1464,6.1,68,6.4,1478,66,,adjusted_state_not_delay,endwall pressure rise,total ignition delay (tau_ign),not_stated_per_appendix_row,endwall piezoelectric pressure transducer,"Zinner 2008 Appendix TABULATED DATA, Mix #2, printed p.55, PDF p.69, row 7",Adjusted T/P are the thesis adjusted state; original P/T and both thesis correlation columns are retained verbatim. Facility is not assigned because the appendix table does not label rows.
zinner2008_mix2_row08,2,80CH4_20DME,0.80,0.20,1.0,1376,6.8,152,7.2,1391,148,,adjusted_state_not_delay,endwall pressure rise,total ignition delay (tau_ign),not_stated_per_appendix_row,endwall piezoelectric pressure transducer,"Zinner 2008 Appendix TABULATED DATA, Mix #2, printed p.55, PDF p.69, row 8",Adjusted T/P are the thesis adjusted state; original P/T and both thesis correlation columns are retained verbatim. Facility is not assigned because the appendix table does not label rows.
zinner2008_mix2_row09,2,80CH4_20DME,0.80,0.20,1.0,1303,7.0,316,7.7,1328,289,,adjusted_state_not_delay,endwall pressure rise,total ignition delay (tau_ign),not_stated_per_appendix_row,endwall piezoelectric pressure transducer,"Zinner 2008 Appendix TABULATED DATA, Mix #2, printed p.55, PDF p.69, row 9",Adjusted T/P are the thesis adjusted state; original P/T and both thesis correlation columns are retained verbatim. Facility is not assigned because the appendix table does not label rows.
zinner2008_mix2_row10,2,80CH4_20DME,0.80,0.20,1.0,1272,7.5,450,7.9,1285,479,,adjusted_state_not_delay,endwall pressure rise,total ignition delay (tau_ign),not_stated_per_appendix_row,endwall piezoelectric pressure transducer,"Zinner 2008 Appendix TABULATED DATA, Mix #2, printed p.55, PDF p.69, row 10",Adjusted T/P are the thesis adjusted state; original P/T and both thesis correlation columns are retained verbatim. Facility is not assigned because the appendix table does not label rows.
zinner2008_mix2_row11,2,80CH4_20DME,0.80,0.20,1.0,1223,7.7,854,8.6,1251,711,,adjusted_state_not_delay,endwall pressure rise,total ignition delay (tau_ign),not_stated_per_appendix_row,endwall piezoelectric pressure transducer,"Zinner 2008 Appendix TABULATED DATA, Mix #2, printed p.55, PDF p.69, row 11",Adjusted T/P are the thesis adjusted state; original P/T and both thesis correlation columns are retained verbatim. Facility is not assigned because the appendix table does not label rows.
zinner2008_mix2_row12,2,80CH4_20DME,0.80,0.20,1.0,1198,8.1,1074,8.9,1222,1021,,adjusted_state_not_delay,endwall pressure rise,total ignition delay (tau_ign),not_stated_per_appendix_row,endwall piezoelectric pressure transducer,"Zinner 2008 Appendix TABULATED DATA, Mix #2, printed p.55, PDF p.69, row 12",Adjusted T/P are the thesis adjusted state; original P/T and both thesis correlation columns are retained verbatim. Facility is not assigned because the appendix table does not label rows.
zinner2008_mix2_row13,2,80CH4_20DME,0.80,0.20,1.0,1587,1.3,48,1.3,1597,60,,adjusted_state_not_delay,endwall pressure rise,total ignition delay (tau_ign),not_stated_per_appendix_row,endwall piezoelectric pressure transducer,"Zinner 2008 Appendix TABULATED DATA, Mix #2, printed p.55, PDF p.69, row 13",Adjusted T/P are the thesis adjusted state; original P/T and both thesis correlation columns are retained verbatim. Facility is not assigned because the appendix table does not label rows.
zinner2008_mix2_row14,2,80CH4_20DME,0.80,0.20,1.0,1517,1.4,85,1.4,1522,107,,adjusted_state_not_delay,endwall pressure rise,total ignition delay (tau_ign),not_stated_per_appendix_row,endwall piezoelectric pressure transducer,"Zinner 2008 Appendix TABULATED DATA, Mix #2, printed p.55, PDF p.69, row 14",Adjusted T/P are the thesis adjusted state; original P/T and both thesis correlation columns are retained verbatim. Facility is not assigned because the appendix table does not label rows.
zinner2008_mix2_row15,2,80CH4_20DME,0.80,0.20,1.0,1403,1.5,262,1.5,1406,314,,adjusted_state_not_delay,endwall pressure rise,total ignition delay (tau_ign),not_stated_per_appendix_row,endwall piezoelectric pressure transducer,"Zinner 2008 Appendix TABULATED DATA, Mix #2, printed p.55, PDF p.69, row 15",Adjusted T/P are the thesis adjusted state; original P/T and both thesis correlation columns are retained verbatim. Facility is not assigned because the appendix table does not label rows.
zinner2008_mix2_row16,2,80CH4_20DME,0.80,0.20,1.0,1336,1.6,579,1.8,1353,517,,adjusted_state_not_delay,endwall pressure rise,total ignition delay (tau_ign),not_stated_per_appendix_row,endwall piezoelectric pressure transducer,"Zinner 2008 Appendix TABULATED DATA, Mix #2, printed p.55, PDF p.69, row 16",Adjusted T/P are the thesis adjusted state; original P/T and both thesis correlation columns are retained verbatim. Facility is not assigned because the appendix table does not label rows.
zinner2008_mix2_row17,2,80CH4_20DME,0.80,0.20,1.0,1240,1.7,1614,1.8,1251,1774,,adjusted_state_not_delay,endwall pressure rise,total ignition delay (tau_ign),not_stated_per_appendix_row,endwall piezoelectric pressure transducer,"Zinner 2008 Appendix TABULATED DATA, Mix #2, printed p.55, PDF p.69, row 17",Adjusted T/P are the thesis adjusted state; original P/T and both thesis correlation columns are retained verbatim. Facility is not assigned because the appendix table does not label rows.
zinner2008_mix3_row01,3,80CH4_20DME,0.80,0.20,0.5,1442,15.6,46,15.9,1448,56,,adjusted_state_not_delay,endwall pressure rise,total ignition delay (tau_ign),not_stated_per_appendix_row,endwall piezoelectric pressure transducer,"Zinner 2008 Appendix TABULATED DATA, Mix #3, printed p.56, PDF p.70, row 1",Adjusted T/P are the thesis adjusted state; original P/T and both thesis correlation columns are retained verbatim. Facility is not assigned because the appendix table does not label rows.
zinner2008_mix3_row02,3,80CH4_20DME,0.80,0.20,0.5,1395,16.2,80,16.4,1400,90,,adjusted_state_not_delay,endwall pressure rise,total ignition delay (tau_ign),not_stated_per_appendix_row,endwall piezoelectric pressure transducer,"Zinner 2008 Appendix TABULATED DATA, Mix #3, printed p.56, PDF p.70, row 2",Adjusted T/P are the thesis adjusted state; original P/T and both thesis correlation columns are retained verbatim. Facility is not assigned because the appendix table does not label rows.
zinner2008_mix3_row03,3,80CH4_20DME,0.80,0.20,0.5,1297,17.6,240,18.5,1310,231,,adjusted_state_not_delay,endwall pressure rise,total ignition delay (tau_ign),not_stated_per_appendix_row,endwall piezoelectric pressure transducer,"Zinner 2008 Appendix TABULATED DATA, Mix #3, printed p.56, PDF p.70, row 3",Adjusted T/P are the thesis adjusted state; original P/T and both thesis correlation columns are retained verbatim. Facility is not assigned because the appendix table does not label rows.
zinner2008_mix3_row04,3,80CH4_20DME,0.80,0.20,0.5,1218,18.6,541,19.5,1229,634,,adjusted_state_not_delay,endwall pressure rise,total ignition delay (tau_ign),not_stated_per_appendix_row,endwall piezoelectric pressure transducer,"Zinner 2008 Appendix TABULATED DATA, Mix #3, printed p.56, PDF p.70, row 4",Adjusted T/P are the thesis adjusted state; original P/T and both thesis correlation columns are retained verbatim. Facility is not assigned because the appendix table does not label rows.
zinner2008_mix3_row05,3,80CH4_20DME,0.80,0.20,0.5,1132,19.5,1283,20.8,1149,,1662,adjusted_state_not_delay,endwall pressure rise,total ignition delay (tau_ign),not_stated_per_appendix_row,endwall piezoelectric pressure transducer,"Zinner 2008 Appendix TABULATED DATA, Mix #3, printed p.56, PDF p.70, row 5",Adjusted T/P are the thesis adjusted state; original P/T and both thesis correlation columns are retained verbatim. Facility is not assigned because the appendix table does not label rows.
zinner2008_mix3_row06,3,80CH4_20DME,0.80,0.20,0.5,1050,20.6,2366,22.3,1069,,2327,adjusted_state_not_delay,endwall pressure rise,total ignition delay (tau_ign),not_stated_per_appendix_row,endwall piezoelectric pressure transducer,"Zinner 2008 Appendix TABULATED DATA, Mix #3, printed p.56, PDF p.70, row 6",Adjusted T/P are the thesis adjusted state; original P/T and both thesis correlation columns are retained verbatim. Facility is not assigned because the appendix table does not label rows.
zinner2008_mix3_row07,3,80CH4_20DME,0.80,0.20,0.5,1032,21.4,2719,22.4,1043,,2700,adjusted_state_not_delay,endwall pressure rise,total ignition delay (tau_ign),not_stated_per_appendix_row,endwall piezoelectric pressure transducer,"Zinner 2008 Appendix TABULATED DATA, Mix #3, printed p.56, PDF p.70, row 7",Adjusted T/P are the thesis adjusted state; original P/T and both thesis correlation columns are retained verbatim. Facility is not assigned because the appendix table does not label rows.
zinner2008_mix3_row08,3,80CH4_20DME,0.80,0.20,0.5,1473,6.5,56,6.8,1488,63,,adjusted_state_not_delay,endwall pressure rise,total ignition delay (tau_ign),not_stated_per_appendix_row,endwall piezoelectric pressure transducer,"Zinner 2008 Appendix TABULATED DATA, Mix #3, printed p.56, PDF p.70, row 8",Adjusted T/P are the thesis adjusted state; original P/T and both thesis correlation columns are retained verbatim. Facility is not assigned because the appendix table does not label rows.
zinner2008_mix3_row09,3,80CH4_20DME,0.80,0.20,0.5,1393,7.1,118,7.3,1400,145,,adjusted_state_not_delay,endwall pressure rise,total ignition delay (tau_ign),not_stated_per_appendix_row,endwall piezoelectric pressure transducer,"Zinner 2008 Appendix TABULATED DATA, Mix #3, printed p.56, PDF p.70, row 9",Adjusted T/P are the thesis adjusted state; original P/T and both thesis correlation columns are retained verbatim. Facility is not assigned because the appendix table does not label rows.
zinner2008_mix3_row10,3,80CH4_20DME,0.80,0.20,0.5,1335,7.5,266,8.2,1359,212,,adjusted_state_not_delay,endwall pressure rise,total ignition delay (tau_ign),not_stated_per_appendix_row,endwall piezoelectric pressure transducer,"Zinner 2008 Appendix TABULATED DATA, Mix #3, printed p.56, PDF p.70, row 10",Adjusted T/P are the thesis adjusted state; original P/T and both thesis correlation columns are retained verbatim. Facility is not assigned because the appendix table does not label rows.
zinner2008_mix3_row11,3,80CH4_20DME,0.80,0.20,0.5,1283,7.6,469,8.3,1305,394,,adjusted_state_not_delay,endwall pressure rise,total ignition delay (tau_ign),not_stated_per_appendix_row,endwall piezoelectric pressure transducer,"Zinner 2008 Appendix TABULATED DATA, Mix #3, printed p.56, PDF p.70, row 11",Adjusted T/P are the thesis adjusted state; original P/T and both thesis correlation columns are retained verbatim. Facility is not assigned because the appendix table does not label rows.
zinner2008_mix3_row12,3,80CH4_20DME,0.80,0.20,0.5,1254,8.1,668,9.1,1286,473,,adjusted_state_not_delay,endwall pressure rise,total ignition delay (tau_ign),not_stated_per_appendix_row,endwall piezoelectric pressure transducer,"Zinner 2008 Appendix TABULATED DATA, Mix #3, printed p.56, PDF p.70, row 12",Adjusted T/P are the thesis adjusted state; original P/T and both thesis correlation columns are retained verbatim. Facility is not assigned because the appendix table does not label rows.
zinner2008_mix3_row13,3,80CH4_20DME,0.80,0.20,0.5,1207,8.2,1159,9.1,1236,915,,adjusted_state_not_delay,endwall pressure rise,total ignition delay (tau_ign),not_stated_per_appendix_row,endwall piezoelectric pressure transducer,"Zinner 2008 Appendix TABULATED DATA, Mix #3, printed p.56, PDF p.70, row 13",Adjusted T/P are the thesis adjusted state; original P/T and both thesis correlation columns are retained verbatim. Facility is not assigned because the appendix table does not label rows.
zinner2008_mix3_row14,3,80CH4_20DME,0.80,0.20,0.5,1153,8.4,2133,9.5,1184,1865,,adjusted_state_not_delay,endwall pressure rise,total ignition delay (tau_ign),not_stated_per_appendix_row,endwall piezoelectric pressure transducer,"Zinner 2008 Appendix TABULATED DATA, Mix #3, printed p.56, PDF p.70, row 14",Adjusted T/P are the thesis adjusted state; original P/T and both thesis correlation columns are retained verbatim. Facility is not assigned because the appendix table does not label rows.
zinner2008_mix3_row15,3,80CH4_20DME,0.80,0.20,0.5,1510,1.4,71,1.5,1515,122,,adjusted_state_not_delay,endwall pressure rise,total ignition delay (tau_ign),not_stated_per_appendix_row,endwall piezoelectric pressure transducer,"Zinner 2008 Appendix TABULATED DATA, Mix #3, printed p.56, PDF p.70, row 15",Adjusted T/P are the thesis adjusted state; original P/T and both thesis correlation columns are retained verbatim. Facility is not assigned because the appendix table does not label rows.
zinner2008_mix3_row16,3,80CH4_20DME,0.80,0.20,0.5,1443,1.6,157,1.7,1456,197,,adjusted_state_not_delay,endwall pressure rise,total ignition delay (tau_ign),not_stated_per_appendix_row,endwall piezoelectric pressure transducer,"Zinner 2008 Appendix TABULATED DATA, Mix #3, printed p.56, PDF p.70, row 16",Adjusted T/P are the thesis adjusted state; original P/T and both thesis correlation columns are retained verbatim. Facility is not assigned because the appendix table does not label rows.
zinner2008_mix3_row17,3,80CH4_20DME,0.80,0.20,0.5,1370,1.7,317,1.8,1378,425,,adjusted_state_not_delay,endwall pressure rise,total ignition delay (tau_ign),not_stated_per_appendix_row,endwall piezoelectric pressure transducer,"Zinner 2008 Appendix TABULATED DATA, Mix #3, printed p.56, PDF p.70, row 17",Adjusted T/P are the thesis adjusted state; original P/T and both thesis correlation columns are retained verbatim. Facility is not assigned because the appendix table does not label rows.
zinner2008_mix3_row18,3,80CH4_20DME,0.80,0.20,0.5,1311,1.8,632,1.8,1321,803,,adjusted_state_not_delay,endwall pressure rise,total ignition delay (tau_ign),not_stated_per_appendix_row,endwall piezoelectric pressure transducer,"Zinner 2008 Appendix TABULATED DATA, Mix #3, printed p.56, PDF p.70, row 18",Adjusted T/P are the thesis adjusted state; original P/T and both thesis correlation columns are retained verbatim. Facility is not assigned because the appendix table does not label rows.
zinner2008_mix3_row19,3,80CH4_20DME,0.80,0.20,0.5,1262,1.8,1261,1.8,1267,1541,,adjusted_state_not_delay,endwall pressure rise,total ignition delay (tau_ign),not_stated_per_appendix_row,endwall piezoelectric pressure transducer,"Zinner 2008 Appendix TABULATED DATA, Mix #3, printed p.56, PDF p.70, row 19",Adjusted T/P are the thesis adjusted state; original P/T and both thesis correlation columns are retained verbatim. Facility is not assigned because the appendix table does not label rows.
zinner2008_mix4_row01,4,80CH4_20DME,0.80,0.20,0.3,1438,28.2,73,28.4,1440,46,,adjusted_state_not_delay,endwall pressure rise,total ignition delay (tau_ign),not_stated_per_appendix_row,endwall piezoelectric pressure transducer,"Zinner 2008 Appendix TABULATED DATA, Mix #4, printed p.56, PDF p.70, row 1",Adjusted T/P are the thesis adjusted state; original P/T and both thesis correlation columns are retained verbatim. Facility is not assigned because the appendix table does not label rows.
zinner2008_mix4_row02,4,80CH4_20DME,0.80,0.20,0.3,1320,28.0,151,28.8,1329,152,,adjusted_state_not_delay,endwall pressure rise,total ignition delay (tau_ign),not_stated_per_appendix_row,endwall piezoelectric pressure transducer,"Zinner 2008 Appendix TABULATED DATA, Mix #4, printed p.56, PDF p.70, row 2",Adjusted T/P are the thesis adjusted state; original P/T and both thesis correlation columns are retained verbatim. Facility is not assigned because the appendix table does not label rows.
zinner2008_mix4_row03,4,80CH4_20DME,0.80,0.20,0.3,1271,29.5,276,31.0,1286,246,,adjusted_state_not_delay,endwall pressure rise,total ignition delay (tau_ign),not_stated_per_appendix_row,endwall piezoelectric pressure transducer,"Zinner 2008 Appendix TABULATED DATA, Mix #4, printed p.56, PDF p.70, row 3",Adjusted T/P are the thesis adjusted state; original P/T and both thesis correlation columns are retained verbatim. Facility is not assigned because the appendix table does not label rows.
zinner2008_mix4_row04,4,80CH4_20DME,0.80,0.20,0.3,1171,31.2,740,34.4,1198,,991,adjusted_state_not_delay,endwall pressure rise,total ignition delay (tau_ign),not_stated_per_appendix_row,endwall piezoelectric pressure transducer,"Zinner 2008 Appendix TABULATED DATA, Mix #4, printed p.56, PDF p.70, row 4",Adjusted T/P are the thesis adjusted state; original P/T and both thesis correlation columns are retained verbatim. Facility is not assigned because the appendix table does not label rows.
zinner2008_mix4_row05,4,80CH4_20DME,0.80,0.20,0.3,1088,32.6,1532,36.4,1115,,1377,adjusted_state_not_delay,endwall pressure rise,total ignition delay (tau_ign),not_stated_per_appendix_row,endwall piezoelectric pressure transducer,"Zinner 2008 Appendix TABULATED DATA, Mix #4, printed p.56, PDF p.70, row 5",Adjusted T/P are the thesis adjusted state; original P/T and both thesis correlation columns are retained verbatim. Facility is not assigned because the appendix table does not label rows.
zinner2008_mix4_row06,4,80CH4_20DME,0.80,0.20,0.3,1046,34.1,2114,38.5,1076,,1596,adjusted_state_not_delay,endwall pressure rise,total ignition delay (tau_ign),not_stated_per_appendix_row,endwall piezoelectric pressure transducer,"Zinner 2008 Appendix TABULATED DATA, Mix #4, printed p.56, PDF p.70, row 6",Adjusted T/P are the thesis adjusted state; original P/T and both thesis correlation columns are retained verbatim. Facility is not assigned because the appendix table does not label rows.
zinner2008_mix4_row07,4,80CH4_20DME,0.80,0.20,0.3,1433,6.7,64,6.8,1440,108,,adjusted_state_not_delay,endwall pressure rise,total ignition delay (tau_ign),not_stated_per_appendix_row,endwall piezoelectric pressure transducer,"Zinner 2008 Appendix TABULATED DATA, Mix #4, printed p.56, PDF p.70, row 7",Adjusted T/P are the thesis adjusted state; original P/T and both thesis correlation columns are retained verbatim. Facility is not assigned because the appendix table does not label rows.
zinner2008_mix4_row08,4,80CH4_20DME,0.80,0.20,0.3,1400,7.0,126,7.2,1409,144,,adjusted_state_not_delay,endwall pressure rise,total ignition delay (tau_ign),not_stated_per_appendix_row,endwall piezoelectric pressure transducer,"Zinner 2008 Appendix TABULATED DATA, Mix #4, printed p.56, PDF p.70, row 8",Adjusted T/P are the thesis adjusted state; original P/T and both thesis correlation columns are retained verbatim. Facility is not assigned because the appendix table does not label rows.
zinner2008_mix4_row09,4,80CH4_20DME,0.80,0.20,0.3,1325,7.2,293,7.6,1339,301,,adjusted_state_not_delay,endwall pressure rise,total ignition delay (tau_ign),not_stated_per_appendix_row,endwall piezoelectric pressure transducer,"Zinner 2008 Appendix TABULATED DATA, Mix #4, printed p.56, PDF p.70, row 9",Adjusted T/P are the thesis adjusted state; original P/T and both thesis correlation columns are retained verbatim. Facility is not assigned because the appendix table does not label rows.
zinner2008_mix4_row10,4,80CH4_20DME,0.80,0.20,0.3,1307,7.6,391,8.1,1324,341,,adjusted_state_not_delay,endwall pressure rise,total ignition delay (tau_ign),not_stated_per_appendix_row,endwall piezoelectric pressure transducer,"Zinner 2008 Appendix TABULATED DATA, Mix #4, printed p.56, PDF p.70, row 10",Adjusted T/P are the thesis adjusted state; original P/T and both thesis correlation columns are retained verbatim. Facility is not assigned because the appendix table does not label rows.
zinner2008_mix4_row11,4,80CH4_20DME,0.80,0.20,0.3,1234,7.6,949,8.3,1259,760,,adjusted_state_not_delay,endwall pressure rise,total ignition delay (tau_ign),not_stated_per_appendix_row,endwall piezoelectric pressure transducer,"Zinner 2008 Appendix TABULATED DATA, Mix #4, printed p.56, PDF p.70, row 11",Adjusted T/P are the thesis adjusted state; original P/T and both thesis correlation columns are retained verbatim. Facility is not assigned because the appendix table does not label rows.
zinner2008_mix4_row12,4,80CH4_20DME,0.80,0.20,0.3,1214,7.9,1244,8.8,1242,916,,adjusted_state_not_delay,endwall pressure rise,total ignition delay (tau_ign),not_stated_per_appendix_row,endwall piezoelectric pressure transducer,"Zinner 2008 Appendix TABULATED DATA, Mix #4, printed p.56, PDF p.70, row 12",Adjusted T/P are the thesis adjusted state; original P/T and both thesis correlation columns are retained verbatim. Facility is not assigned because the appendix table does not label rows.
zinner2008_mix4_row13,4,80CH4_20DME,0.80,0.20,0.3,1170,8.0,2075,8.9,1200,1635,,adjusted_state_not_delay,endwall pressure rise,total ignition delay (tau_ign),not_stated_per_appendix_row,endwall piezoelectric pressure transducer,"Zinner 2008 Appendix TABULATED DATA, Mix #4, printed p.56, PDF p.70, row 13",Adjusted T/P are the thesis adjusted state; original P/T and both thesis correlation columns are retained verbatim. Facility is not assigned because the appendix table does not label rows.
zinner2008_mix4_row14,4,80CH4_20DME,0.80,0.20,0.3,1546,1.5,59,1.5,1561,86,,adjusted_state_not_delay,endwall pressure rise,total ignition delay (tau_ign),not_stated_per_appendix_row,endwall piezoelectric pressure transducer,"Zinner 2008 Appendix TABULATED DATA, Mix #4, printed p.56, PDF p.70, row 14",Adjusted T/P are the thesis adjusted state; original P/T and both thesis correlation columns are retained verbatim. Facility is not assigned because the appendix table does not label rows.
zinner2008_mix4_row15,4,80CH4_20DME,0.80,0.20,0.3,1452,1.6,132,1.6,1457,213,,adjusted_state_not_delay,endwall pressure rise,total ignition delay (tau_ign),not_stated_per_appendix_row,endwall piezoelectric pressure transducer,"Zinner 2008 Appendix TABULATED DATA, Mix #4, printed p.56, PDF p.70, row 15",Adjusted T/P are the thesis adjusted state; original P/T and both thesis correlation columns are retained verbatim. Facility is not assigned because the appendix table does not label rows.
zinner2008_mix4_row16,4,80CH4_20DME,0.80,0.20,0.3,1397,1.6,263,1.7,1405,354,,adjusted_state_not_delay,endwall pressure rise,total ignition delay (tau_ign),not_stated_per_appendix_row,endwall piezoelectric pressure transducer,"Zinner 2008 Appendix TABULATED DATA, Mix #4, printed p.56, PDF p.70, row 16",Adjusted T/P are the thesis adjusted state; original P/T and both thesis correlation columns are retained verbatim. Facility is not assigned because the appendix table does not label rows.
zinner2008_mix4_row17,4,80CH4_20DME,0.80,0.20,0.3,1322,1.8,783,1.9,1339,672,,adjusted_state_not_delay,endwall pressure rise,total ignition delay (tau_ign),not_stated_per_appendix_row,endwall piezoelectric pressure transducer,"Zinner 2008 Appendix TABULATED DATA, Mix #4, printed p.56, PDF p.70, row 17",Adjusted T/P are the thesis adjusted state; original P/T and both thesis correlation columns are retained verbatim. Facility is not assigned because the appendix table does not label rows.
zinner2008_mix4_row18,4,80CH4_20DME,0.80,0.20,0.3,1278,1.9,1269,2.0,1300,1045,,adjusted_state_not_delay,endwall pressure rise,total ignition delay (tau_ign),not_stated_per_appendix_row,endwall piezoelectric pressure transducer,"Zinner 2008 Appendix TABULATED DATA, Mix #4, printed p.56, PDF p.70, row 18",Adjusted T/P are the thesis adjusted state; original P/T and both thesis correlation columns are retained verbatim. Facility is not assigned because the appendix table does not label rows.
zinner2008_mix5_row01,5,60CH4_40DME,0.60,0.40,2.0,1355,14.2,58,14.8,1365,63,,adjusted_state_not_delay,endwall pressure rise,total ignition delay (tau_ign),not_stated_per_appendix_row,endwall piezoelectric pressure transducer,"Zinner 2008 Appendix TABULATED DATA, Mix #5, printed p.57, PDF p.71, row 1",Adjusted T/P are the thesis adjusted state; original P/T and both thesis correlation columns are retained verbatim. Facility is not assigned because the appendix table does not label rows.
zinner2008_mix5_row02,5,60CH4_40DME,0.60,0.40,2.0,1256,16.2,162,16.8,1264,197,,adjusted_state_not_delay,endwall pressure rise,total ignition delay (tau_ign),not_stated_per_appendix_row,endwall piezoelectric pressure transducer,"Zinner 2008 Appendix TABULATED DATA, Mix #5, printed p.57, PDF p.71, row 2",Adjusted T/P are the thesis adjusted state; original P/T and both thesis correlation columns are retained verbatim. Facility is not assigned because the appendix table does not label rows.
zinner2008_mix5_row03,5,60CH4_40DME,0.60,0.40,2.0,1197,18.3,254,18.6,1200,447,,adjusted_state_not_delay,endwall pressure rise,total ignition delay (tau_ign),not_stated_per_appendix_row,endwall piezoelectric pressure transducer,"Zinner 2008 Appendix TABULATED DATA, Mix #5, printed p.57, PDF p.71, row 3",Adjusted T/P are the thesis adjusted state; original P/T and both thesis correlation columns are retained verbatim. Facility is not assigned because the appendix table does not label rows.
zinner2008_mix5_row04,5,60CH4_40DME,0.60,0.40,2.0,1161,18.8,367,19.4,1168,706,,adjusted_state_not_delay,endwall pressure rise,total ignition delay (tau_ign),not_stated_per_appendix_row,endwall piezoelectric pressure transducer,"Zinner 2008 Appendix TABULATED DATA, Mix #5, printed p.57, PDF p.71, row 4",Adjusted T/P are the thesis adjusted state; original P/T and both thesis correlation columns are retained verbatim. Facility is not assigned because the appendix table does not label rows.
zinner2008_mix5_row05,5,60CH4_40DME,0.60,0.40,2.0,1089,17.9,589,19.1,1102,,634,adjusted_state_not_delay,endwall pressure rise,total ignition delay (tau_ign),not_stated_per_appendix_row,endwall piezoelectric pressure transducer,"Zinner 2008 Appendix TABULATED DATA, Mix #5, printed p.57, PDF p.71, row 5",Adjusted T/P are the thesis adjusted state; original P/T and both thesis correlation columns are retained verbatim. Facility is not assigned because the appendix table does not label rows.
zinner2008_mix5_row06,5,60CH4_40DME,0.60,0.40,2.0,958,19.7,875,21.1,970,,1269,adjusted_state_not_delay,endwall pressure rise,total ignition delay (tau_ign),not_stated_per_appendix_row,endwall piezoelectric pressure transducer,"Zinner 2008 Appendix TABULATED DATA, Mix #5, printed p.57, PDF p.71, row 6",Adjusted T/P are the thesis adjusted state; original P/T and both thesis correlation columns are retained verbatim. Facility is not assigned because the appendix table does not label rows.
zinner2008_mix5_row07,5,60CH4_40DME,0.60,0.40,2.0,1077,20.3,885,21.6,1089,,589,adjusted_state_not_delay,endwall pressure rise,total ignition delay (tau_ign),not_stated_per_appendix_row,endwall piezoelectric pressure transducer,"Zinner 2008 Appendix TABULATED DATA, Mix #5, printed p.57, PDF p.71, row 7",Adjusted T/P are the thesis adjusted state; original P/T and both thesis correlation columns are retained verbatim. Facility is not assigned because the appendix table does not label rows.
zinner2008_mix5_row08,5,60CH4_40DME,0.60,0.40,2.0,959,20.6,959,21.5,967,,1270,adjusted_state_not_delay,endwall pressure rise,total ignition delay (tau_ign),not_stated_per_appendix_row,endwall piezoelectric pressure transducer,"Zinner 2008 Appendix TABULATED DATA, Mix #5, printed p.57, PDF p.71, row 8",Adjusted T/P are the thesis adjusted state; original P/T and both thesis correlation columns are retained verbatim. Facility is not assigned because the appendix table does not label rows.
zinner2008_mix5_row09,5,60CH4_40DME,0.60,0.40,2.0,973,20.3,1108,21.4,982,,1142,adjusted_state_not_delay,endwall pressure rise,total ignition delay (tau_ign),not_stated_per_appendix_row,endwall piezoelectric pressure transducer,"Zinner 2008 Appendix TABULATED DATA, Mix #5, printed p.57, PDF p.71, row 9",Adjusted T/P are the thesis adjusted state; original P/T and both thesis correlation columns are retained verbatim. Facility is not assigned because the appendix table does not label rows.
zinner2008_mix5_row10,5,60CH4_40DME,0.60,0.40,2.0,1027,20.6,1142,21.3,1033,,827,adjusted_state_not_delay,endwall pressure rise,total ignition delay (tau_ign),not_stated_per_appendix_row,endwall piezoelectric pressure transducer,"Zinner 2008 Appendix TABULATED DATA, Mix #5, printed p.57, PDF p.71, row 10",Adjusted T/P are the thesis adjusted state; original P/T and both thesis correlation columns are retained verbatim. Facility is not assigned because the appendix table does not label rows.
zinner2008_mix5_row11,5,60CH4_40DME,0.60,0.40,2.0,913,22.0,1474,23.1,922,,1627,adjusted_state_not_delay,endwall pressure rise,total ignition delay (tau_ign),not_stated_per_appendix_row,endwall piezoelectric pressure transducer,"Zinner 2008 Appendix TABULATED DATA, Mix #5, printed p.57, PDF p.71, row 11",Adjusted T/P are the thesis adjusted state; original P/T and both thesis correlation columns are retained verbatim. Facility is not assigned because the appendix table does not label rows.
zinner2008_mix5_row12,5,60CH4_40DME,0.60,0.40,2.0,948,21.7,1928,22.9,957,,1254,adjusted_state_not_delay,endwall pressure rise,total ignition delay (tau_ign),not_stated_per_appendix_row,endwall piezoelectric pressure transducer,"Zinner 2008 Appendix TABULATED DATA, Mix #5, printed p.57, PDF p.71, row 12",Adjusted T/P are the thesis adjusted state; original P/T and both thesis correlation columns are retained verbatim. Facility is not assigned because the appendix table does not label rows.
zinner2008_mix5_row13,5,60CH4_40DME,0.60,0.40,2.0,1443,5.8,40,6.3,1462,38,,adjusted_state_not_delay,endwall pressure rise,total ignition delay (tau_ign),not_stated_per_appendix_row,endwall piezoelectric pressure transducer,"Zinner 2008 Appendix TABULATED DATA, Mix #5, printed p.57, PDF p.71, row 13",Adjusted T/P are the thesis adjusted state; original P/T and both thesis correlation columns are retained verbatim. Facility is not assigned because the appendix table does not label rows.
zinner2008_mix5_row14,5,60CH4_40DME,0.60,0.40,2.0,1360,6.0,87,6.2,1367,104,,adjusted_state_not_delay,endwall pressure rise,total ignition delay (tau_ign),not_stated_per_appendix_row,endwall piezoelectric pressure transducer,"Zinner 2008 Appendix TABULATED DATA, Mix #5, printed p.57, PDF p.71, row 14",Adjusted T/P are the thesis adjusted state; original P/T and both thesis correlation columns are retained verbatim. Facility is not assigned because the appendix table does not label rows.
zinner2008_mix5_row15,5,60CH4_40DME,0.60,0.40,2.0,1314,6.7,158,7.0,1324,157,,adjusted_state_not_delay,endwall pressure rise,total ignition delay (tau_ign),not_stated_per_appendix_row,endwall piezoelectric pressure transducer,"Zinner 2008 Appendix TABULATED DATA, Mix #5, printed p.57, PDF p.71, row 15",Adjusted T/P are the thesis adjusted state; original P/T and both thesis correlation columns are retained verbatim. Facility is not assigned because the appendix table does not label rows.
zinner2008_mix5_row16,5,60CH4_40DME,0.60,0.40,2.0,1258,7.3,267,7.6,1266,308,,adjusted_state_not_delay,endwall pressure rise,total ignition delay (tau_ign),not_stated_per_appendix_row,endwall piezoelectric pressure transducer,"Zinner 2008 Appendix TABULATED DATA, Mix #5, printed p.57, PDF p.71, row 16",Adjusted T/P are the thesis adjusted state; original P/T and both thesis correlation columns are retained verbatim. Facility is not assigned because the appendix table does not label rows.
zinner2008_mix5_row17,5,60CH4_40DME,0.60,0.40,2.0,1208,7.4,483,7.7,1217,593,,adjusted_state_not_delay,endwall pressure rise,total ignition delay (tau_ign),not_stated_per_appendix_row,endwall piezoelectric pressure transducer,"Zinner 2008 Appendix TABULATED DATA, Mix #5, printed p.57, PDF p.71, row 17",Adjusted T/P are the thesis adjusted state; original P/T and both thesis correlation columns are retained verbatim. Facility is not assigned because the appendix table does not label rows.
zinner2008_mix5_row18,5,60CH4_40DME,0.60,0.40,2.0,1165,7.7,753,8.3,1179,981,,adjusted_state_not_delay,endwall pressure rise,total ignition delay (tau_ign),not_stated_per_appendix_row,endwall piezoelectric pressure transducer,"Zinner 2008 Appendix TABULATED DATA, Mix #5, printed p.57, PDF p.71, row 18",Adjusted T/P are the thesis adjusted state; original P/T and both thesis correlation columns are retained verbatim. Facility is not assigned because the appendix table does not label rows.
zinner2008_mix5_row19,5,60CH4_40DME,0.60,0.40,2.0,1517,1.3,83,1.4,1534,49,,adjusted_state_not_delay,endwall pressure rise,total ignition delay (tau_ign),not_stated_per_appendix_row,endwall piezoelectric pressure transducer,"Zinner 2008 Appendix TABULATED DATA, Mix #5, printed p.57, PDF p.71, row 19",Adjusted T/P are the thesis adjusted state; original P/T and both thesis correlation columns are retained verbatim. Facility is not assigned because the appendix table does not label rows.
zinner2008_mix5_row20,5,60CH4_40DME,0.60,0.40,2.0,1456,1.3,117,1.4,1471,85,,adjusted_state_not_delay,endwall pressure rise,total ignition delay (tau_ign),not_stated_per_appendix_row,endwall piezoelectric pressure transducer,"Zinner 2008 Appendix TABULATED DATA, Mix #5, printed p.57, PDF p.71, row 20",Adjusted T/P are the thesis adjusted state; original P/T and both thesis correlation columns are retained verbatim. Facility is not assigned because the appendix table does not label rows.
zinner2008_mix5_row21,5,60CH4_40DME,0.60,0.40,2.0,1348,1.5,371,1.5,1354,276,,adjusted_state_not_delay,endwall pressure rise,total ignition delay (tau_ign),not_stated_per_appendix_row,endwall piezoelectric pressure transducer,"Zinner 2008 Appendix TABULATED DATA, Mix #5, printed p.57, PDF p.71, row 21",Adjusted T/P are the thesis adjusted state; original P/T and both thesis correlation columns are retained verbatim. Facility is not assigned because the appendix table does not label rows.
zinner2008_mix5_row22,5,60CH4_40DME,0.60,0.40,2.0,1298,1.6,507,1.7,1308,445,,adjusted_state_not_delay,endwall pressure rise,total ignition delay (tau_ign),not_stated_per_appendix_row,endwall piezoelectric pressure transducer,"Zinner 2008 Appendix TABULATED DATA, Mix #5, printed p.57, PDF p.71, row 22",Adjusted T/P are the thesis adjusted state; original P/T and both thesis correlation columns are retained verbatim. Facility is not assigned because the appendix table does not label rows.
zinner2008_mix5_row23,5,60CH4_40DME,0.60,0.40,2.0,1239,1.6,1073,1.8,1255,843,,adjusted_state_not_delay,endwall pressure rise,total ignition delay (tau_ign),not_stated_per_appendix_row,endwall piezoelectric pressure transducer,"Zinner 2008 Appendix TABULATED DATA, Mix #5, printed p.57, PDF p.71, row 23",Adjusted T/P are the thesis adjusted state; original P/T and both thesis correlation columns are retained verbatim. Facility is not assigned because the appendix table does not label rows.
zinner2008_mix5_row24,5,60CH4_40DME,0.60,0.40,2.0,1208,1.8,1152,1.8,1210,1555,,adjusted_state_not_delay,endwall pressure rise,total ignition delay (tau_ign),not_stated_per_appendix_row,endwall piezoelectric pressure transducer,"Zinner 2008 Appendix TABULATED DATA, Mix #5, printed p.57, PDF p.71, row 24",Adjusted T/P are the thesis adjusted state; original P/T and both thesis correlation columns are retained verbatim. Facility is not assigned because the appendix table does not label rows.
zinner2008_mix6_row01,6,60CH4_40DME,0.60,0.40,1.0,1327,28.0,57,30.1,1346,55,,adjusted_state_not_delay,endwall pressure rise,total ignition delay (tau_ign),not_stated_per_appendix_row,endwall piezoelectric pressure transducer,"Zinner 2008 Appendix TABULATED DATA, Mix #6, printed p.57, PDF p.71, row 1",Adjusted T/P are the thesis adjusted state; original P/T and both thesis correlation columns are retained verbatim. Facility is not assigned because the appendix table does not label rows.
zinner2008_mix6_row02,6,60CH4_40DME,0.60,0.40,1.0,1229,32.2,135,33.6,1239,194,,adjusted_state_not_delay,endwall pressure rise,total ignition delay (tau_ign),not_stated_per_appendix_row,endwall piezoelectric pressure transducer,"Zinner 2008 Appendix TABULATED DATA, Mix #6, printed p.57, PDF p.71, row 2",Adjusted T/P are the thesis adjusted state; original P/T and both thesis correlation columns are retained verbatim. Facility is not assigned because the appendix table does not label rows.
zinner2008_mix6_row03,6,60CH4_40DME,0.60,0.40,1.0,1135,34.1,285,35.3,1143,,774,adjusted_state_not_delay,endwall pressure rise,total ignition delay (tau_ign),not_stated_per_appendix_row,endwall piezoelectric pressure transducer,"Zinner 2008 Appendix TABULATED DATA, Mix #6, printed p.57, PDF p.71, row 3",Adjusted T/P are the thesis adjusted state; original P/T and both thesis correlation columns are retained verbatim. Facility is not assigned because the appendix table does not label rows.
zinner2008_mix6_row04,6,60CH4_40DME,0.60,0.40,1.0,1083,33.9,397,35.5,1093,,456,adjusted_state_not_delay,endwall pressure rise,total ignition delay (tau_ign),not_stated_per_appendix_row,endwall piezoelectric pressure transducer,"Zinner 2008 Appendix TABULATED DATA, Mix #6, printed p.57, PDF p.71, row 4",Adjusted T/P are the thesis adjusted state; original P/T and both thesis correlation columns are retained verbatim. Facility is not assigned because the appendix table does not label rows.
zinner2008_mix6_row05,6,60CH4_40DME,0.60,0.40,1.0,1070,34.9,435,38.6,1092,,414,adjusted_state_not_delay,endwall pressure rise,total ignition delay (tau_ign),not_stated_per_appendix_row,endwall piezoelectric pressure transducer,"Zinner 2008 Appendix TABULATED DATA, Mix #6, printed p.57, PDF p.71, row 5",Adjusted T/P are the thesis adjusted state; original P/T and both thesis correlation columns are retained verbatim. Facility is not assigned because the appendix table does not label rows.
zinner2008_mix6_row06,6,60CH4_40DME,0.60,0.40,1.0,997,30.5,477,32.1,1007,,862,adjusted_state_not_delay,endwall pressure rise,total ignition delay (tau_ign),not_stated_per_appendix_row,endwall piezoelectric pressure transducer,"Zinner 2008 Appendix TABULATED DATA, Mix #6, printed p.57, PDF p.71, row 6",Adjusted T/P are the thesis adjusted state; original P/T and both thesis correlation columns are retained verbatim. Facility is not assigned because the appendix table does not label rows.
zinner2008_mix6_row07,6,60CH4_40DME,0.60,0.40,1.0,1020,29.9,641,35.5,1057,,557,adjusted_state_not_delay,endwall pressure rise,total ignition delay (tau_ign),not_stated_per_appendix_row,endwall piezoelectric pressure transducer,"Zinner 2008 Appendix TABULATED DATA, Mix #6, printed p.57, PDF p.71, row 7",Adjusted T/P are the thesis adjusted state; original P/T and both thesis correlation columns are retained verbatim. Facility is not assigned because the appendix table does not label rows.
zinner2008_mix6_row08,6,60CH4_40DME,0.60,0.40,1.0,989,34.4,679,36.5,1001,,763,adjusted_state_not_delay,endwall pressure rise,total ignition delay (tau_ign),not_stated_per_appendix_row,endwall piezoelectric pressure transducer,"Zinner 2008 Appendix TABULATED DATA, Mix #6, printed p.57, PDF p.71, row 8",Adjusted T/P are the thesis adjusted state; original P/T and both thesis correlation columns are retained verbatim. Facility is not assigned because the appendix table does not label rows.
zinner2008_mix6_row09,6,60CH4_40DME,0.60,0.40,1.0,1424,6.5,42,6.8,1436,51,,adjusted_state_not_delay,endwall pressure rise,total ignition delay (tau_ign),not_stated_per_appendix_row,endwall piezoelectric pressure transducer,"Zinner 2008 Appendix TABULATED DATA, Mix #6, printed p.57, PDF p.71, row 9",Adjusted T/P are the thesis adjusted state; original P/T and both thesis correlation columns are retained verbatim. Facility is not assigned because the appendix table does not label rows.
zinner2008_mix6_row10,6,60CH4_40DME,0.60,0.40,1.0,1356,7.0,108,7.1,1360,110,,adjusted_state_not_delay,endwall pressure rise,total ignition delay (tau_ign),not_stated_per_appendix_row,endwall piezoelectric pressure transducer,"Zinner 2008 Appendix TABULATED DATA, Mix #6, printed p.57, PDF p.71, row 10",Adjusted T/P are the thesis adjusted state; original P/T and both thesis correlation columns are retained verbatim. Facility is not assigned because the appendix table does not label rows.
zinner2008_mix6_row11,6,60CH4_40DME,0.60,0.40,1.0,1283,7.3,235,8.1,1310,182,,adjusted_state_not_delay,endwall pressure rise,total ignition delay (tau_ign),not_stated_per_appendix_row,endwall piezoelectric pressure transducer,"Zinner 2008 Appendix TABULATED DATA, Mix #6, printed p.57, PDF p.71, row 11",Adjusted T/P are the thesis adjusted state; original P/T and both thesis correlation columns are retained verbatim. Facility is not assigned because the appendix table does not label rows.
zinner2008_mix6_row12,6,60CH4_40DME,0.60,0.40,1.0,1220,8.1,493,8.9,1242,415,,adjusted_state_not_delay,endwall pressure rise,total ignition delay (tau_ign),not_stated_per_appendix_row,endwall piezoelectric pressure transducer,"Zinner 2008 Appendix TABULATED DATA, Mix #6, printed p.57, PDF p.71, row 12",Adjusted T/P are the thesis adjusted state; original P/T and both thesis correlation columns are retained verbatim. Facility is not assigned because the appendix table does not label rows.
zinner2008_mix6_row13,6,60CH4_40DME,0.60,0.40,1.0,1174,8.2,882,9.4,1209,631,,adjusted_state_not_delay,endwall pressure rise,total ignition delay (tau_ign),not_stated_per_appendix_row,endwall piezoelectric pressure transducer,"Zinner 2008 Appendix TABULATED DATA, Mix #6, printed p.57, PDF p.71, row 13",Adjusted T/P are the thesis adjusted state; original P/T and both thesis correlation columns are retained verbatim. Facility is not assigned because the appendix table does not label rows.
zinner2008_mix6_row14,6,60CH4_40DME,0.60,0.40,1.0,1135,8.2,1314,9.1,1159,1338,,adjusted_state_not_delay,endwall pressure rise,total ignition delay (tau_ign),not_stated_per_appendix_row,endwall piezoelectric pressure transducer,"Zinner 2008 Appendix TABULATED DATA, Mix #6, printed p.57, PDF p.71, row 14",Adjusted T/P are the thesis adjusted state; original P/T and both thesis correlation columns are retained verbatim. Facility is not assigned because the appendix table does not label rows.
zinner2008_mix6_row15,6,60CH4_40DME,0.60,0.40,1.0,1508,1.5,49,1.5,1520,55,,adjusted_state_not_delay,endwall pressure rise,total ignition delay (tau_ign),not_stated_per_appendix_row,endwall piezoelectric pressure transducer,"Zinner 2008 Appendix TABULATED DATA, Mix #6, printed p.57, PDF p.71, row 15",Adjusted T/P are the thesis adjusted state; original P/T and both thesis correlation columns are retained verbatim. Facility is not assigned because the appendix table does not label rows.
zinner2008_mix6_row16,6,60CH4_40DME,0.60,0.40,1.0,1491,1.4,57,1.5,1502,66,,adjusted_state_not_delay,endwall pressure rise,total ignition delay (tau_ign),not_stated_per_appendix_row,endwall piezoelectric pressure transducer,"Zinner 2008 Appendix TABULATED DATA, Mix #6, printed p.57, PDF p.71, row 16",Adjusted T/P are the thesis adjusted state; original P/T and both thesis correlation columns are retained verbatim. Facility is not assigned because the appendix table does not label rows.
zinner2008_mix6_row17,6,60CH4_40DME,0.60,0.40,1.0,1412,1.6,119,1.6,1413,152,,adjusted_state_not_delay,endwall pressure rise,total ignition delay (tau_ign),not_stated_per_appendix_row,endwall piezoelectric pressure transducer,"Zinner 2008 Appendix TABULATED DATA, Mix #6, printed p.57, PDF p.71, row 17",Adjusted T/P are the thesis adjusted state; original P/T and both thesis correlation columns are retained verbatim. Facility is not assigned because the appendix table does not label rows.
zinner2008_mix6_row18,6,60CH4_40DME,0.60,0.40,1.0,1299,1.7,509,1.7,1310,456,,adjusted_state_not_delay,endwall pressure rise,total ignition delay (tau_ign),not_stated_per_appendix_row,endwall piezoelectric pressure transducer,"Zinner 2008 Appendix TABULATED DATA, Mix #6, printed p.57, PDF p.71, row 18",Adjusted T/P are the thesis adjusted state; original P/T and both thesis correlation columns are retained verbatim. Facility is not assigned because the appendix table does not label rows.
zinner2008_mix6_row19,6,60CH4_40DME,0.60,0.40,1.0,1270,1.8,636,1.9,1279,638,,adjusted_state_not_delay,endwall pressure rise,total ignition delay (tau_ign),not_stated_per_appendix_row,endwall piezoelectric pressure transducer,"Zinner 2008 Appendix TABULATED DATA, Mix #6, printed p.57, PDF p.71, row 19",Adjusted T/P are the thesis adjusted state; original P/T and both thesis correlation columns are retained verbatim. Facility is not assigned because the appendix table does not label rows.
zinner2008_mix6_row20,6,60CH4_40DME,0.60,0.40,1.0,1225,1.8,1295,2.0,1245,971,,adjusted_state_not_delay,endwall pressure rise,total ignition delay (tau_ign),not_stated_per_appendix_row,endwall piezoelectric pressure transducer,"Zinner 2008 Appendix TABULATED DATA, Mix #6, printed p.57, PDF p.71, row 20",Adjusted T/P are the thesis adjusted state; original P/T and both thesis correlation columns are retained verbatim. Facility is not assigned because the appendix table does not label rows.
zinner2008_mix7_row01,7,60CH4_40DME,0.60,0.40,0.5,1395,16.0,43,16.9,1411,41,,adjusted_state_not_delay,endwall pressure rise,total ignition delay (tau_ign),not_stated_per_appendix_row,endwall piezoelectric pressure transducer,"Zinner 2008 Appendix TABULATED DATA, Mix #7, printed p.58, PDF p.72, row 1",Adjusted T/P are the thesis adjusted state; original P/T and both thesis correlation columns are retained verbatim. Facility is not assigned because the appendix table does not label rows.
zinner2008_mix7_row02,7,60CH4_40DME,0.60,0.40,0.5,1347,17.1,86,18.0,1361,68,,adjusted_state_not_delay,endwall pressure rise,total ignition delay (tau_ign),not_stated_per_appendix_row,endwall piezoelectric pressure transducer,"Zinner 2008 Appendix TABULATED DATA, Mix #7, printed p.58, PDF p.72, row 2",Adjusted T/P are the thesis adjusted state; original P/T and both thesis correlation columns are retained verbatim. Facility is not assigned because the appendix table does not label rows.
zinner2008_mix7_row03,7,60CH4_40DME,0.60,0.40,0.5,1258,18.5,219,19.5,1273,187,,adjusted_state_not_delay,endwall pressure rise,total ignition delay (tau_ign),not_stated_per_appendix_row,endwall piezoelectric pressure transducer,"Zinner 2008 Appendix TABULATED DATA, Mix #7, printed p.58, PDF p.72, row 3",Adjusted T/P are the thesis adjusted state; original P/T and both thesis correlation columns are retained verbatim. Facility is not assigned because the appendix table does not label rows.
zinner2008_mix7_row04,7,60CH4_40DME,0.60,0.40,0.5,1204,20.0,396,22.1,1231,304,,adjusted_state_not_delay,endwall pressure rise,total ignition delay (tau_ign),not_stated_per_appendix_row,endwall piezoelectric pressure transducer,"Zinner 2008 Appendix TABULATED DATA, Mix #7, printed p.58, PDF p.72, row 4",Adjusted T/P are the thesis adjusted state; original P/T and both thesis correlation columns are retained verbatim. Facility is not assigned because the appendix table does not label rows.
zinner2008_mix7_row05,7,60CH4_40DME,0.60,0.40,0.5,1115,20.3,828,22.4,1139,,957,adjusted_state_not_delay,endwall pressure rise,total ignition delay (tau_ign),not_stated_per_appendix_row,endwall piezoelectric pressure transducer,"Zinner 2008 Appendix TABULATED DATA, Mix #7, printed p.58, PDF p.72, row 5",Adjusted T/P are the thesis adjusted state; original P/T and both thesis correlation columns are retained verbatim. Facility is not assigned because the appendix table does not label rows.
zinner2008_mix7_row06,7,60CH4_40DME,0.60,0.40,0.5,1047,21.0,1474,23.3,1071,,1314,adjusted_state_not_delay,endwall pressure rise,total ignition delay (tau_ign),not_stated_per_appendix_row,endwall piezoelectric pressure transducer,"Zinner 2008 Appendix TABULATED DATA, Mix #7, printed p.58, PDF p.72, row 6",Adjusted T/P are the thesis adjusted state; original P/T and both thesis correlation columns are retained verbatim. Facility is not assigned because the appendix table does not label rows.
zinner2008_mix7_row07,7,60CH4_40DME,0.60,0.40,0.5,1422,6.8,64,7.1,1436,54,,adjusted_state_not_delay,endwall pressure rise,total ignition delay (tau_ign),not_stated_per_appendix_row,endwall piezoelectric pressure transducer,"Zinner 2008 Appendix TABULATED DATA, Mix #7, printed p.58, PDF p.72, row 7",Adjusted T/P are the thesis adjusted state; original P/T and both thesis correlation columns are retained verbatim. Facility is not assigned because the appendix table does not label rows.
zinner2008_mix7_row08,7,60CH4_40DME,0.60,0.40,0.5,1377,7.1,91,7.1,1377,99,,adjusted_state_not_delay,endwall pressure rise,total ignition delay (tau_ign),not_stated_per_appendix_row,endwall piezoelectric pressure transducer,"Zinner 2008 Appendix TABULATED DATA, Mix #7, printed p.58, PDF p.72, row 8",Adjusted T/P are the thesis adjusted state; original P/T and both thesis correlation columns are retained verbatim. Facility is not assigned because the appendix table does not label rows.
zinner2008_mix7_row09,7,60CH4_40DME,0.60,0.40,0.5,1335,7.7,164,8.4,1362,106,,adjusted_state_not_delay,endwall pressure rise,total ignition delay (tau_ign),not_stated_per_appendix_row,endwall piezoelectric pressure transducer,"Zinner 2008 Appendix TABULATED DATA, Mix #7, printed p.58, PDF p.72, row 9",Adjusted T/P are the thesis adjusted state; original P/T and both thesis correlation columns are retained verbatim. Facility is not assigned because the appendix table does not label rows.
zinner2008_mix7_row10,7,60CH4_40DME,0.60,0.40,0.5,1287,7.8,287,8.5,1313,185,,adjusted_state_not_delay,endwall pressure rise,total ignition delay (tau_ign),not_stated_per_appendix_row,endwall piezoelectric pressure transducer,"Zinner 2008 Appendix TABULATED DATA, Mix #7, printed p.58, PDF p.72, row 10",Adjusted T/P are the thesis adjusted state; original P/T and both thesis correlation columns are retained verbatim. Facility is not assigned because the appendix table does not label rows.
zinner2008_mix7_row11,7,60CH4_40DME,0.60,0.40,0.5,1248,8.3,439,9.3,1280,265,,adjusted_state_not_delay,endwall pressure rise,total ignition delay (tau_ign),not_stated_per_appendix_row,endwall piezoelectric pressure transducer,"Zinner 2008 Appendix TABULATED DATA, Mix #7, printed p.58, PDF p.72, row 11",Adjusted T/P are the thesis adjusted state; original P/T and both thesis correlation columns are retained verbatim. Facility is not assigned because the appendix table does not label rows.
zinner2008_mix7_row12,7,60CH4_40DME,0.60,0.40,0.5,1169,8.5,1145,10.0,1208,669,,adjusted_state_not_delay,endwall pressure rise,total ignition delay (tau_ign),not_stated_per_appendix_row,endwall piezoelectric pressure transducer,"Zinner 2008 Appendix TABULATED DATA, Mix #7, printed p.58, PDF p.72, row 12",Adjusted T/P are the thesis adjusted state; original P/T and both thesis correlation columns are retained verbatim. Facility is not assigned because the appendix table does not label rows.
zinner2008_mix7_row13,7,60CH4_40DME,0.60,0.40,0.5,1482,0.8,74,0.8,1488,116,,adjusted_state_not_delay,endwall pressure rise,total ignition delay (tau_ign),not_stated_per_appendix_row,endwall piezoelectric pressure transducer,"Zinner 2008 Appendix TABULATED DATA, Mix #7, printed p.58, PDF p.72, row 13",Adjusted T/P are the thesis adjusted state; original P/T and both thesis correlation columns are retained verbatim. Facility is not assigned because the appendix table does not label rows.
zinner2008_mix7_row14,7,60CH4_40DME,0.60,0.40,0.5,1415,0.9,142,0.9,1425,205,,adjusted_state_not_delay,endwall pressure rise,total ignition delay (tau_ign),not_stated_per_appendix_row,endwall piezoelectric pressure transducer,"Zinner 2008 Appendix TABULATED DATA, Mix #7, printed p.58, PDF p.72, row 14",Adjusted T/P are the thesis adjusted state; original P/T and both thesis correlation columns are retained verbatim. Facility is not assigned because the appendix table does not label rows.
zinner2008_mix7_row15,7,60CH4_40DME,0.60,0.40,0.5,1398,0.9,183,0.9,1411,231,,adjusted_state_not_delay,endwall pressure rise,total ignition delay (tau_ign),not_stated_per_appendix_row,endwall piezoelectric pressure transducer,"Zinner 2008 Appendix TABULATED DATA, Mix #7, printed p.58, PDF p.72, row 15",Adjusted T/P are the thesis adjusted state; original P/T and both thesis correlation columns are retained verbatim. Facility is not assigned because the appendix table does not label rows.
zinner2008_mix7_row16,7,60CH4_40DME,0.60,0.40,0.5,1345,0.9,383,0.9,1357,412,,adjusted_state_not_delay,endwall pressure rise,total ignition delay (tau_ign),not_stated_per_appendix_row,endwall piezoelectric pressure transducer,"Zinner 2008 Appendix TABULATED DATA, Mix #7, printed p.58, PDF p.72, row 16",Adjusted T/P are the thesis adjusted state; original P/T and both thesis correlation columns are retained verbatim. Facility is not assigned because the appendix table does not label rows.
zinner2008_mix7_row17,7,60CH4_40DME,0.60,0.40,0.5,1322,0.9,487,0.9,1325,597,,adjusted_state_not_delay,endwall pressure rise,total ignition delay (tau_ign),not_stated_per_appendix_row,endwall piezoelectric pressure transducer,"Zinner 2008 Appendix TABULATED DATA, Mix #7, printed p.58, PDF p.72, row 17",Adjusted T/P are the thesis adjusted state; original P/T and both thesis correlation columns are retained verbatim. Facility is not assigned because the appendix table does not label rows.
zinner2008_mix7_row18,7,60CH4_40DME,0.60,0.40,0.5,1316,0.8,647,0.8,1319,685,,adjusted_state_not_delay,endwall pressure rise,total ignition delay (tau_ign),not_stated_per_appendix_row,endwall piezoelectric pressure transducer,"Zinner 2008 Appendix TABULATED DATA, Mix #7, printed p.58, PDF p.72, row 18",Adjusted T/P are the thesis adjusted state; original P/T and both thesis correlation columns are retained verbatim. Facility is not assigned because the appendix table does not label rows.
zinner2008_mix7_row19,7,60CH4_40DME,0.60,0.40,0.5,1292,1.0,908,1.0,1297,820,,adjusted_state_not_delay,endwall pressure rise,total ignition delay (tau_ign),not_stated_per_appendix_row,endwall piezoelectric pressure transducer,"Zinner 2008 Appendix TABULATED DATA, Mix #7, printed p.58, PDF p.72, row 19",Adjusted T/P are the thesis adjusted state; original P/T and both thesis correlation columns are retained verbatim. Facility is not assigned because the appendix table does not label rows.
zinner2008_mix7_row20,7,60CH4_40DME,0.60,0.40,0.5,1520,1.6,33,1.7,1532,52,,adjusted_state_not_delay,endwall pressure rise,total ignition delay (tau_ign),not_stated_per_appendix_row,endwall piezoelectric pressure transducer,"Zinner 2008 Appendix TABULATED DATA, Mix #7, printed p.58, PDF p.72, row 20",Adjusted T/P are the thesis adjusted state; original P/T and both thesis correlation columns are retained verbatim. Facility is not assigned because the appendix table does not label rows.
zinner2008_mix7_row21,7,60CH4_40DME,0.60,0.40,0.5,1426,1.6,112,1.7,1439,124,,adjusted_state_not_delay,endwall pressure rise,total ignition delay (tau_ign),not_stated_per_appendix_row,endwall piezoelectric pressure transducer,"Zinner 2008 Appendix TABULATED DATA, Mix #7, printed p.58, PDF p.72, row 21",Adjusted T/P are the thesis adjusted state; original P/T and both thesis correlation columns are retained verbatim. Facility is not assigned because the appendix table does not label rows.
zinner2008_mix7_row22,7,60CH4_40DME,0.60,0.40,0.5,1338,1.8,258,1.8,1340,345,,adjusted_state_not_delay,endwall pressure rise,total ignition delay (tau_ign),not_stated_per_appendix_row,endwall piezoelectric pressure transducer,"Zinner 2008 Appendix TABULATED DATA, Mix #7, printed p.58, PDF p.72, row 22",Adjusted T/P are the thesis adjusted state; original P/T and both thesis correlation columns are retained verbatim. Facility is not assigned because the appendix table does not label rows.
zinner2008_mix7_row23,7,60CH4_40DME,0.60,0.40,0.5,1347,1.8,316,1.8,1353,294,,adjusted_state_not_delay,endwall pressure rise,total ignition delay (tau_ign),not_stated_per_appendix_row,endwall piezoelectric pressure transducer,"Zinner 2008 Appendix TABULATED DATA, Mix #7, printed p.58, PDF p.72, row 23",Adjusted T/P are the thesis adjusted state; original P/T and both thesis correlation columns are retained verbatim. Facility is not assigned because the appendix table does not label rows.
zinner2008_mix7_row24,7,60CH4_40DME,0.60,0.40,0.5,1250,1.8,1004,1.9,1267,795,,adjusted_state_not_delay,endwall pressure rise,total ignition delay (tau_ign),not_stated_per_appendix_row,endwall piezoelectric pressure transducer,"Zinner 2008 Appendix TABULATED DATA, Mix #7, printed p.58, PDF p.72, row 24",Adjusted T/P are the thesis adjusted state; original P/T and both thesis correlation columns are retained verbatim. Facility is not assigned because the appendix table does not label rows.
zinner2008_mix7_row25,7,60CH4_40DME,0.60,0.40,0.5,1241,1.9,1235,2.0,1250,988,,adjusted_state_not_delay,endwall pressure rise,total ignition delay (tau_ign),not_stated_per_appendix_row,endwall piezoelectric pressure transducer,"Zinner 2008 Appendix TABULATED DATA, Mix #7, printed p.58, PDF p.72, row 25",Adjusted T/P are the thesis adjusted state; original P/T and both thesis correlation columns are retained verbatim. Facility is not assigned because the appendix table does not label rows.
zinner2008_mix8_row01,8,60CH4_40DME,0.60,0.40,0.3,1414,26.8,36,27.7,1425,29,,adjusted_state_not_delay,endwall pressure rise,total ignition delay (tau_ign),not_stated_per_appendix_row,endwall piezoelectric pressure transducer,"Zinner 2008 Appendix TABULATED DATA, Mix #8, printed p.59, PDF p.73, row 1",Adjusted T/P are the thesis adjusted state; original P/T and both thesis correlation columns are retained verbatim. Facility is not assigned because the appendix table does not label rows.
zinner2008_mix8_row02,8,60CH4_40DME,0.60,0.40,0.3,1384,27.6,46,28.3,1392,40,,adjusted_state_not_delay,endwall pressure rise,total ignition delay (tau_ign),not_stated_per_appendix_row,endwall piezoelectric pressure transducer,"Zinner 2008 Appendix TABULATED DATA, Mix #8, printed p.59, PDF p.73, row 2",Adjusted T/P are the thesis adjusted state; original P/T and both thesis correlation columns are retained verbatim. Facility is not assigned because the appendix table does not label rows.
zinner2008_mix8_row03,8,60CH4_40DME,0.60,0.40,0.3,1285,30.0,153,31.5,1298,110,,adjusted_state_not_delay,endwall pressure rise,total ignition delay (tau_ign),not_stated_per_appendix_row,endwall piezoelectric pressure transducer,"Zinner 2008 Appendix TABULATED DATA, Mix #8, printed p.59, PDF p.73, row 3",Adjusted T/P are the thesis adjusted state; original P/T and both thesis correlation columns are retained verbatim. Facility is not assigned because the appendix table does not label rows.
zinner2008_mix8_row04,8,60CH4_40DME,0.60,0.40,0.3,1209,33.1,304,35.1,1225,270,,adjusted_state_not_delay,endwall pressure rise,total ignition delay (tau_ign),not_stated_per_appendix_row,endwall piezoelectric pressure transducer,"Zinner 2008 Appendix TABULATED DATA, Mix #8, printed p.59, PDF p.73, row 4",Adjusted T/P are the thesis adjusted state; original P/T and both thesis correlation columns are retained verbatim. Facility is not assigned because the appendix table does not label rows.
zinner2008_mix8_row05,8,60CH4_40DME,0.60,0.40,0.3,1120,33.8,683,37.0,1142,,708,adjusted_state_not_delay,endwall pressure rise,total ignition delay (tau_ign),not_stated_per_appendix_row,endwall piezoelectric pressure transducer,"Zinner 2008 Appendix TABULATED DATA, Mix #8, printed p.59, PDF p.73, row 5",Adjusted T/P are the thesis adjusted state; original P/T and both thesis correlation columns are retained verbatim. Facility is not assigned because the appendix table does not label rows.
zinner2008_mix8_row06,8,60CH4_40DME,0.60,0.40,0.3,1052,34.5,1120,38.0,1075,,974,adjusted_state_not_delay,endwall pressure rise,total ignition delay (tau_ign),not_stated_per_appendix_row,endwall piezoelectric pressure transducer,"Zinner 2008 Appendix TABULATED DATA, Mix #8, printed p.59, PDF p.73, row 6",Adjusted T/P are the thesis adjusted state; original P/T and both thesis correlation columns are retained verbatim. Facility is not assigned because the appendix table does not label rows.
zinner2008_mix8_row07,8,60CH4_40DME,0.60,0.40,0.3,1014,35.7,1476,40.0,1041,,1119,adjusted_state_not_delay,endwall pressure rise,total ignition delay (tau_ign),not_stated_per_appendix_row,endwall piezoelectric pressure transducer,"Zinner 2008 Appendix TABULATED DATA, Mix #8, printed p.59, PDF p.73, row 7",Adjusted T/P are the thesis adjusted state; original P/T and both thesis correlation columns are retained verbatim. Facility is not assigned because the appendix table does not label rows.
zinner2008_mix8_row08,8,60CH4_40DME,0.60,0.40,0.3,1422,6.7,57,6.9,1430,63,,adjusted_state_not_delay,endwall pressure rise,total ignition delay (tau_ign),not_stated_per_appendix_row,endwall piezoelectric pressure transducer,"Zinner 2008 Appendix TABULATED DATA, Mix #8, printed p.59, PDF p.73, row 8",Adjusted T/P are the thesis adjusted state; original P/T and both thesis correlation columns are retained verbatim. Facility is not assigned because the appendix table does not label rows.
zinner2008_mix8_row09,8,60CH4_40DME,0.60,0.40,0.3,1380,7.0,80,7.2,1388,94,,adjusted_state_not_delay,endwall pressure rise,total ignition delay (tau_ign),not_stated_per_appendix_row,endwall piezoelectric pressure transducer,"Zinner 2008 Appendix TABULATED DATA, Mix #8, printed p.59, PDF p.73, row 9",Adjusted T/P are the thesis adjusted state; original P/T and both thesis correlation columns are retained verbatim. Facility is not assigned because the appendix table does not label rows.
zinner2008_mix8_row10,8,60CH4_40DME,0.60,0.40,0.3,1347,7.4,130,7.7,1361,122,,adjusted_state_not_delay,endwall pressure rise,total ignition delay (tau_ign),not_stated_per_appendix_row,endwall piezoelectric pressure transducer,"Zinner 2008 Appendix TABULATED DATA, Mix #8, printed p.59, PDF p.73, row 10",Adjusted T/P are the thesis adjusted state; original P/T and both thesis correlation columns are retained verbatim. Facility is not assigned because the appendix table does not label rows.
zinner2008_mix8_row11,8,60CH4_40DME,0.60,0.40,0.3,1297,7.7,278,8.1,1314,203,,adjusted_state_not_delay,endwall pressure rise,total ignition delay (tau_ign),not_stated_per_appendix_row,endwall piezoelectric pressure transducer,"Zinner 2008 Appendix TABULATED DATA, Mix #8, printed p.59, PDF p.73, row 11",Adjusted T/P are the thesis adjusted state; original P/T and both thesis correlation columns are retained verbatim. Facility is not assigned because the appendix table does not label rows.
zinner2008_mix8_row12,8,60CH4_40DME,0.60,0.40,0.3,1262,7.9,436,8.0,1265,378,,adjusted_state_not_delay,endwall pressure rise,total ignition delay (tau_ign),not_stated_per_appendix_row,endwall piezoelectric pressure transducer,"Zinner 2008 Appendix TABULATED DATA, Mix #8, printed p.59, PDF p.73, row 12",Adjusted T/P are the thesis adjusted state; original P/T and both thesis correlation columns are retained verbatim. Facility is not assigned because the appendix table does not label rows.
zinner2008_mix8_row13,8,60CH4_40DME,0.60,0.40,0.3,1262,7.9,453,8.7,1288,269,,adjusted_state_not_delay,endwall pressure rise,total ignition delay (tau_ign),not_stated_per_appendix_row,endwall piezoelectric pressure transducer,"Zinner 2008 Appendix TABULATED DATA, Mix #8, printed p.59, PDF p.73, row 13",Adjusted T/P are the thesis adjusted state; original P/T and both thesis correlation columns are retained verbatim. Facility is not assigned because the appendix table does not label rows.
zinner2008_mix8_row14,8,60CH4_40DME,0.60,0.40,0.3,1223,8.2,717,8.7,1240,501,,adjusted_state_not_delay,endwall pressure rise,total ignition delay (tau_ign),not_stated_per_appendix_row,endwall piezoelectric pressure transducer,"Zinner 2008 Appendix TABULATED DATA, Mix #8, printed p.59, PDF p.73, row 14",Adjusted T/P are the thesis adjusted state; original P/T and both thesis correlation columns are retained verbatim. Facility is not assigned because the appendix table does not label rows.
zinner2008_mix8_row15,8,60CH4_40DME,0.60,0.40,0.3,1168,8.4,1363,9.0,1185,1070,,adjusted_state_not_delay,endwall pressure rise,total ignition delay (tau_ign),not_stated_per_appendix_row,endwall piezoelectric pressure transducer,"Zinner 2008 Appendix TABULATED DATA, Mix #8, printed p.59, PDF p.73, row 15",Adjusted T/P are the thesis adjusted state; original P/T and both thesis correlation columns are retained verbatim. Facility is not assigned because the appendix table does not label rows.
zinner2008_mix8_row16,8,60CH4_40DME,0.60,0.40,0.3,1488,1.6,32,1.6,1488,84,,adjusted_state_not_delay,endwall pressure rise,total ignition delay (tau_ign),not_stated_per_appendix_row,endwall piezoelectric pressure transducer,"Zinner 2008 Appendix TABULATED DATA, Mix #8, printed p.59, PDF p.73, row 16",Adjusted T/P are the thesis adjusted state; original P/T and both thesis correlation columns are retained verbatim. Facility is not assigned because the appendix table does not label rows.
zinner2008_mix8_row17,8,60CH4_40DME,0.60,0.40,0.3,1425,1.6,104,1.6,1430,146,,adjusted_state_not_delay,endwall pressure rise,total ignition delay (tau_ign),not_stated_per_appendix_row,endwall piezoelectric pressure transducer,"Zinner 2008 Appendix TABULATED DATA, Mix #8, printed p.59, PDF p.73, row 17",Adjusted T/P are the thesis adjusted state; original P/T and both thesis correlation columns are retained verbatim. Facility is not assigned because the appendix table does not label rows.
zinner2008_mix8_row18,8,60CH4_40DME,0.60,0.40,0.3,1357,1.8,252,1.8,1363,279,,adjusted_state_not_delay,endwall pressure rise,total ignition delay (tau_ign),not_stated_per_appendix_row,endwall piezoelectric pressure transducer,"Zinner 2008 Appendix TABULATED DATA, Mix #8, printed p.59, PDF p.73, row 18",Adjusted T/P are the thesis adjusted state; original P/T and both thesis correlation columns are retained verbatim. Facility is not assigned because the appendix table does not label rows.
zinner2008_mix8_row19,8,60CH4_40DME,0.60,0.40,0.3,1334,1.9,289,2.0,1344,332,,adjusted_state_not_delay,endwall pressure rise,total ignition delay (tau_ign),not_stated_per_appendix_row,endwall piezoelectric pressure transducer,"Zinner 2008 Appendix TABULATED DATA, Mix #8, printed p.59, PDF p.73, row 19",Adjusted T/P are the thesis adjusted state; original P/T and both thesis correlation columns are retained verbatim. Facility is not assigned because the appendix table does not label rows.
zinner2008_mix8_row20,8,60CH4_40DME,0.60,0.40,0.3,1287,1.9,555,2.0,1299,564,,adjusted_state_not_delay,endwall pressure rise,total ignition delay (tau_ign),not_stated_per_appendix_row,endwall piezoelectric pressure transducer,"Zinner 2008 Appendix TABULATED DATA, Mix #8, printed p.59, PDF p.73, row 20",Adjusted T/P are the thesis adjusted state; original P/T and both thesis correlation columns are retained verbatim. Facility is not assigned because the appendix table does not label rows.
zinner2008_mix8_row21,8,60CH4_40DME,0.60,0.40,0.3,1233,1.9,1283,2.1,1252,999,,adjusted_state_not_delay,endwall pressure rise,total ignition delay (tau_ign),not_stated_per_appendix_row,endwall piezoelectric pressure transducer,"Zinner 2008 Appendix TABULATED DATA, Mix #8, printed p.59, PDF p.73, row 21",Adjusted T/P are the thesis adjusted state; original P/T and both thesis correlation columns are retained verbatim. Facility is not assigned because the appendix table does not label rows.
