assumption_label,bore_mm,bore_tolerance_diameter_um,cold_interference_fraction,counts,cte_relative_half_range,fractions,liner_material,liner_temperature_center_K,nominal_cold_clearance_um,piston_material,piston_temperature_center_K,piston_tolerance_diameter_um,samples,seed,temperature_error_half_range_K
engineering sensitivity distribution; not measured production statistics,8.5,1.0,0.0,"{""interference"": 4000, ""sub_1_um"": 0, ""1_to_3_um"": 0, ""3_to_5_um"": 0, ""ge_5_um"": 0}",0.05,"{""interference"": 1.0, ""sub_1_um"": 0.0, ""1_to_3_um"": 0.0, ""3_to_5_um"": 0.0, ""ge_5_um"": 0.0}",steel_4140,400.0,2.0,al_4032_t6,450.0,1.0,4000,20260902,25.0
engineering sensitivity distribution; not measured production statistics,8.5,1.0,0.0,"{""interference"": 3864, ""sub_1_um"": 109, ""1_to_3_um"": 27, ""3_to_5_um"": 0, ""ge_5_um"": 0}",0.05,"{""interference"": 0.966, ""sub_1_um"": 0.02725, ""1_to_3_um"": 0.00675, ""3_to_5_um"": 0.0, ""ge_5_um"": 0.0}",steel_4140,400.0,2.0,al_4032_t6,450.0,1.0,4000,20260902,50.0
engineering sensitivity distribution; not measured production statistics,8.5,1.0,0.0,"{""interference"": 4000, ""sub_1_um"": 0, ""1_to_3_um"": 0, ""3_to_5_um"": 0, ""ge_5_um"": 0}",0.05,"{""interference"": 1.0, ""sub_1_um"": 0.0, ""1_to_3_um"": 0.0, ""3_to_5_um"": 0.0, ""ge_5_um"": 0.0}",steel_4140,400.0,3.0,al_4032_t6,450.0,1.0,4000,20260902,25.0
engineering sensitivity distribution; not measured production statistics,8.5,1.0,0.0,"{""interference"": 3695, ""sub_1_um"": 170, ""1_to_3_um"": 134, ""3_to_5_um"": 1, ""ge_5_um"": 0}",0.05,"{""interference"": 0.92375, ""sub_1_um"": 0.0425, ""1_to_3_um"": 0.0335, ""3_to_5_um"": 0.00025, ""ge_5_um"": 0.0}",steel_4140,400.0,3.0,al_4032_t6,450.0,1.0,4000,20260902,50.0
engineering sensitivity distribution; not measured production statistics,8.5,1.0,0.0,"{""interference"": 3783, ""sub_1_um"": 187, ""1_to_3_um"": 30, ""3_to_5_um"": 0, ""ge_5_um"": 0}",0.05,"{""interference"": 0.94575, ""sub_1_um"": 0.04675, ""1_to_3_um"": 0.0075, ""3_to_5_um"": 0.0, ""ge_5_um"": 0.0}",steel_4140,400.0,5.0,al_4032_t6,450.0,1.0,4000,20260902,25.0
engineering sensitivity distribution; not measured production statistics,8.5,1.0,0.0,"{""interference"": 3122, ""sub_1_um"": 320, ""1_to_3_um"": 457, ""3_to_5_um"": 98, ""ge_5_um"": 3}",0.05,"{""interference"": 0.7805, ""sub_1_um"": 0.08, ""1_to_3_um"": 0.11425, ""3_to_5_um"": 0.0245, ""ge_5_um"": 0.00075}",steel_4140,400.0,5.0,al_4032_t6,450.0,1.0,4000,20260902,50.0
engineering sensitivity distribution; not measured production statistics,8.5,1.0,0.0,"{""interference"": 1689, ""sub_1_um"": 900, ""1_to_3_um"": 1180, ""3_to_5_um"": 231, ""ge_5_um"": 0}",0.05,"{""interference"": 0.42225, ""sub_1_um"": 0.225, ""1_to_3_um"": 0.295, ""3_to_5_um"": 0.05775, ""ge_5_um"": 0.0}",steel_4140,400.0,8.0,al_4032_t6,450.0,1.0,4000,20260902,25.0
engineering sensitivity distribution; not measured production statistics,8.5,1.0,0.0,"{""interference"": 1850, ""sub_1_um"": 458, ""1_to_3_um"": 830, ""3_to_5_um"": 561, ""ge_5_um"": 301}",0.05,"{""interference"": 0.4625, ""sub_1_um"": 0.1145, ""1_to_3_um"": 0.2075, ""3_to_5_um"": 0.14025, ""ge_5_um"": 0.07525}",steel_4140,400.0,8.0,al_4032_t6,450.0,1.0,4000,20260902,50.0
engineering sensitivity distribution; not measured production statistics,8.5,1.0,0.0,"{""interference"": 331, ""sub_1_um"": 566, ""1_to_3_um"": 1642, ""3_to_5_um"": 1242, ""ge_5_um"": 219}",0.05,"{""interference"": 0.08275, ""sub_1_um"": 0.1415, ""1_to_3_um"": 0.4105, ""3_to_5_um"": 0.3105, ""ge_5_um"": 0.05475}",steel_4140,400.0,10.0,al_4032_t6,450.0,1.0,4000,20260902,25.0
engineering sensitivity distribution; not measured production statistics,8.5,1.0,0.0,"{""interference"": 963, ""sub_1_um"": 369, ""1_to_3_um"": 956, ""3_to_5_um"": 829, ""ge_5_um"": 883}",0.05,"{""interference"": 0.24075, ""sub_1_um"": 0.09225, ""1_to_3_um"": 0.239, ""3_to_5_um"": 0.20725, ""ge_5_um"": 0.22075}",steel_4140,400.0,10.0,al_4032_t6,450.0,1.0,4000,20260902,50.0
engineering sensitivity distribution; not measured production statistics,8.5,1.0,0.0,"{""interference"": 4000, ""sub_1_um"": 0, ""1_to_3_um"": 0, ""3_to_5_um"": 0, ""ge_5_um"": 0}",0.05,"{""interference"": 1.0, ""sub_1_um"": 0.0, ""1_to_3_um"": 0.0, ""3_to_5_um"": 0.0, ""ge_5_um"": 0.0}",steel_4140,400.0,2.0,al_2618_t61,450.0,1.0,4000,20260902,25.0
engineering sensitivity distribution; not measured production statistics,8.5,1.0,0.0,"{""interference"": 3991, ""sub_1_um"": 8, ""1_to_3_um"": 1, ""3_to_5_um"": 0, ""ge_5_um"": 0}",0.05,"{""interference"": 0.99775, ""sub_1_um"": 0.002, ""1_to_3_um"": 0.00025, ""3_to_5_um"": 0.0, ""ge_5_um"": 0.0}",steel_4140,400.0,2.0,al_2618_t61,450.0,1.0,4000,20260902,50.0
engineering sensitivity distribution; not measured production statistics,8.5,1.0,0.0,"{""interference"": 4000, ""sub_1_um"": 0, ""1_to_3_um"": 0, ""3_to_5_um"": 0, ""ge_5_um"": 0}",0.05,"{""interference"": 1.0, ""sub_1_um"": 0.0, ""1_to_3_um"": 0.0, ""3_to_5_um"": 0.0, ""ge_5_um"": 0.0}",steel_4140,400.0,3.0,al_2618_t61,450.0,1.0,4000,20260902,25.0
engineering sensitivity distribution; not measured production statistics,8.5,1.0,0.0,"{""interference"": 3916, ""sub_1_um"": 71, ""1_to_3_um"": 13, ""3_to_5_um"": 0, ""ge_5_um"": 0}",0.05,"{""interference"": 0.979, ""sub_1_um"": 0.01775, ""1_to_3_um"": 0.00325, ""3_to_5_um"": 0.0, ""ge_5_um"": 0.0}",steel_4140,400.0,3.0,al_2618_t61,450.0,1.0,4000,20260902,50.0
engineering sensitivity distribution; not measured production statistics,8.5,1.0,0.0,"{""interference"": 3995, ""sub_1_um"": 5, ""1_to_3_um"": 0, ""3_to_5_um"": 0, ""ge_5_um"": 0}",0.05,"{""interference"": 0.99875, ""sub_1_um"": 0.00125, ""1_to_3_um"": 0.0, ""3_to_5_um"": 0.0, ""ge_5_um"": 0.0}",steel_4140,400.0,5.0,al_2618_t61,450.0,1.0,4000,20260902,25.0
engineering sensitivity distribution; not measured production statistics,8.5,1.0,0.0,"{""interference"": 3593, ""sub_1_um"": 209, ""1_to_3_um"": 186, ""3_to_5_um"": 12, ""ge_5_um"": 0}",0.05,"{""interference"": 0.89825, ""sub_1_um"": 0.05225, ""1_to_3_um"": 0.0465, ""3_to_5_um"": 0.003, ""ge_5_um"": 0.0}",steel_4140,400.0,5.0,al_2618_t61,450.0,1.0,4000,20260902,50.0
engineering sensitivity distribution; not measured production statistics,8.5,1.0,0.0,"{""interference"": 3199, ""sub_1_um"": 503, ""1_to_3_um"": 298, ""3_to_5_um"": 0, ""ge_5_um"": 0}",0.05,"{""interference"": 0.79975, ""sub_1_um"": 0.12575, ""1_to_3_um"": 0.0745, ""3_to_5_um"": 0.0, ""ge_5_um"": 0.0}",steel_4140,400.0,8.0,al_2618_t61,450.0,1.0,4000,20260902,25.0
engineering sensitivity distribution; not measured production statistics,8.5,1.0,0.0,"{""interference"": 2678, ""sub_1_um"": 369, ""1_to_3_um"": 576, ""3_to_5_um"": 297, ""ge_5_um"": 80}",0.05,"{""interference"": 0.6695, ""sub_1_um"": 0.09225, ""1_to_3_um"": 0.144, ""3_to_5_um"": 0.07425, ""ge_5_um"": 0.02}",steel_4140,400.0,8.0,al_2618_t61,450.0,1.0,4000,20260902,50.0
engineering sensitivity distribution; not measured production statistics,8.5,1.0,0.0,"{""interference"": 1689, ""sub_1_um"": 782, ""1_to_3_um"": 1205, ""3_to_5_um"": 321, ""ge_5_um"": 3}",0.05,"{""interference"": 0.42225, ""sub_1_um"": 0.1955, ""1_to_3_um"": 0.30125, ""3_to_5_um"": 0.08025, ""ge_5_um"": 0.00075}",steel_4140,400.0,10.0,al_2618_t61,450.0,1.0,4000,20260902,25.0
engineering sensitivity distribution; not measured production statistics,8.5,1.0,0.0,"{""interference"": 1840, ""sub_1_um"": 426, ""1_to_3_um"": 762, ""3_to_5_um"": 583, ""ge_5_um"": 389}",0.05,"{""interference"": 0.46, ""sub_1_um"": 0.1065, ""1_to_3_um"": 0.1905, ""3_to_5_um"": 0.14575, ""ge_5_um"": 0.09725}",steel_4140,400.0,10.0,al_2618_t61,450.0,1.0,4000,20260902,50.0
engineering sensitivity distribution; not measured production statistics,8.5,1.0,0.0,"{""interference"": 4000, ""sub_1_um"": 0, ""1_to_3_um"": 0, ""3_to_5_um"": 0, ""ge_5_um"": 0}",0.05,"{""interference"": 1.0, ""sub_1_um"": 0.0, ""1_to_3_um"": 0.0, ""3_to_5_um"": 0.0, ""ge_5_um"": 0.0}",gray_iron_gjl250,400.0,2.0,al_4032_t6,450.0,1.0,4000,20260902,25.0
engineering sensitivity distribution; not measured production statistics,8.5,1.0,0.0,"{""interference"": 3968, ""sub_1_um"": 29, ""1_to_3_um"": 3, ""3_to_5_um"": 0, ""ge_5_um"": 0}",0.05,"{""interference"": 0.992, ""sub_1_um"": 0.00725, ""1_to_3_um"": 0.00075, ""3_to_5_um"": 0.0, ""ge_5_um"": 0.0}",gray_iron_gjl250,400.0,2.0,al_4032_t6,450.0,1.0,4000,20260902,50.0
engineering sensitivity distribution; not measured production statistics,8.5,1.0,0.0,"{""interference"": 4000, ""sub_1_um"": 0, ""1_to_3_um"": 0, ""3_to_5_um"": 0, ""ge_5_um"": 0}",0.05,"{""interference"": 1.0, ""sub_1_um"": 0.0, ""1_to_3_um"": 0.0, ""3_to_5_um"": 0.0, ""ge_5_um"": 0.0}",gray_iron_gjl250,400.0,3.0,al_4032_t6,450.0,1.0,4000,20260902,25.0
engineering sensitivity distribution; not measured production statistics,8.5,1.0,0.0,"{""interference"": 3847, ""sub_1_um"": 109, ""1_to_3_um"": 44, ""3_to_5_um"": 0, ""ge_5_um"": 0}",0.05,"{""interference"": 0.96175, ""sub_1_um"": 0.02725, ""1_to_3_um"": 0.011, ""3_to_5_um"": 0.0, ""ge_5_um"": 0.0}",gray_iron_gjl250,400.0,3.0,al_4032_t6,450.0,1.0,4000,20260902,50.0
engineering sensitivity distribution; not measured production statistics,8.5,1.0,0.0,"{""interference"": 3929, ""sub_1_um"": 68, ""1_to_3_um"": 3, ""3_to_5_um"": 0, ""ge_5_um"": 0}",0.05,"{""interference"": 0.98225, ""sub_1_um"": 0.017, ""1_to_3_um"": 0.00075, ""3_to_5_um"": 0.0, ""ge_5_um"": 0.0}",gray_iron_gjl250,400.0,5.0,al_4032_t6,450.0,1.0,4000,20260902,25.0
engineering sensitivity distribution; not measured production statistics,8.5,1.0,0.0,"{""interference"": 3323, ""sub_1_um"": 304, ""1_to_3_um"": 342, ""3_to_5_um"": 31, ""ge_5_um"": 0}",0.05,"{""interference"": 0.83075, ""sub_1_um"": 0.076, ""1_to_3_um"": 0.0855, ""3_to_5_um"": 0.00775, ""ge_5_um"": 0.0}",gray_iron_gjl250,400.0,5.0,al_4032_t6,450.0,1.0,4000,20260902,50.0
engineering sensitivity distribution; not measured production statistics,8.5,1.0,0.0,"{""interference"": 2035, ""sub_1_um"": 927, ""1_to_3_um"": 968, ""3_to_5_um"": 70, ""ge_5_um"": 0}",0.05,"{""interference"": 0.50875, ""sub_1_um"": 0.23175, ""1_to_3_um"": 0.242, ""3_to_5_um"": 0.0175, ""ge_5_um"": 0.0}",gray_iron_gjl250,400.0,8.0,al_4032_t6,450.0,1.0,4000,20260902,25.0
engineering sensitivity distribution; not measured production statistics,8.5,1.0,0.0,"{""interference"": 2060, ""sub_1_um"": 454, ""1_to_3_um"": 830, ""3_to_5_um"": 495, ""ge_5_um"": 161}",0.05,"{""interference"": 0.515, ""sub_1_um"": 0.1135, ""1_to_3_um"": 0.2075, ""3_to_5_um"": 0.12375, ""ge_5_um"": 0.04025}",gray_iron_gjl250,400.0,8.0,al_4032_t6,450.0,1.0,4000,20260902,50.0
engineering sensitivity distribution; not measured production statistics,8.5,1.0,0.0,"{""interference"": 502, ""sub_1_um"": 724, ""1_to_3_um"": 1693, ""3_to_5_um"": 1001, ""ge_5_um"": 80}",0.05,"{""interference"": 0.1255, ""sub_1_um"": 0.181, ""1_to_3_um"": 0.42325, ""3_to_5_um"": 0.25025, ""ge_5_um"": 0.02}",gray_iron_gjl250,400.0,10.0,al_4032_t6,450.0,1.0,4000,20260902,25.0
engineering sensitivity distribution; not measured production statistics,8.5,1.0,0.0,"{""interference"": 1094, ""sub_1_um"": 434, ""1_to_3_um"": 935, ""3_to_5_um"": 857, ""ge_5_um"": 680}",0.05,"{""interference"": 0.2735, ""sub_1_um"": 0.1085, ""1_to_3_um"": 0.23375, ""3_to_5_um"": 0.21425, ""ge_5_um"": 0.17}",gray_iron_gjl250,400.0,10.0,al_4032_t6,450.0,1.0,4000,20260902,50.0
engineering sensitivity distribution; not measured production statistics,8.5,1.0,0.0,"{""interference"": 4000, ""sub_1_um"": 0, ""1_to_3_um"": 0, ""3_to_5_um"": 0, ""ge_5_um"": 0}",0.05,"{""interference"": 1.0, ""sub_1_um"": 0.0, ""1_to_3_um"": 0.0, ""3_to_5_um"": 0.0, ""ge_5_um"": 0.0}",gray_iron_gjl250,400.0,2.0,al_2618_t61,450.0,1.0,4000,20260902,25.0
engineering sensitivity distribution; not measured production statistics,8.5,1.0,0.0,"{""interference"": 3999, ""sub_1_um"": 1, ""1_to_3_um"": 0, ""3_to_5_um"": 0, ""ge_5_um"": 0}",0.05,"{""interference"": 0.99975, ""sub_1_um"": 0.00025, ""1_to_3_um"": 0.0, ""3_to_5_um"": 0.0, ""ge_5_um"": 0.0}",gray_iron_gjl250,400.0,2.0,al_2618_t61,450.0,1.0,4000,20260902,50.0
engineering sensitivity distribution; not measured production statistics,8.5,1.0,0.0,"{""interference"": 4000, ""sub_1_um"": 0, ""1_to_3_um"": 0, ""3_to_5_um"": 0, ""ge_5_um"": 0}",0.05,"{""interference"": 1.0, ""sub_1_um"": 0.0, ""1_to_3_um"": 0.0, ""3_to_5_um"": 0.0, ""ge_5_um"": 0.0}",gray_iron_gjl250,400.0,3.0,al_2618_t61,450.0,1.0,4000,20260902,25.0
engineering sensitivity distribution; not measured production statistics,8.5,1.0,0.0,"{""interference"": 3977, ""sub_1_um"": 23, ""1_to_3_um"": 0, ""3_to_5_um"": 0, ""ge_5_um"": 0}",0.05,"{""interference"": 0.99425, ""sub_1_um"": 0.00575, ""1_to_3_um"": 0.0, ""3_to_5_um"": 0.0, ""ge_5_um"": 0.0}",gray_iron_gjl250,400.0,3.0,al_2618_t61,450.0,1.0,4000,20260902,50.0
engineering sensitivity distribution; not measured production statistics,8.5,1.0,0.0,"{""interference"": 4000, ""sub_1_um"": 0, ""1_to_3_um"": 0, ""3_to_5_um"": 0, ""ge_5_um"": 0}",0.05,"{""interference"": 1.0, ""sub_1_um"": 0.0, ""1_to_3_um"": 0.0, ""3_to_5_um"": 0.0, ""ge_5_um"": 0.0}",gray_iron_gjl250,400.0,5.0,al_2618_t61,450.0,1.0,4000,20260902,25.0
engineering sensitivity distribution; not measured production statistics,8.5,1.0,0.0,"{""interference"": 3736, ""sub_1_um"": 174, ""1_to_3_um"": 88, ""3_to_5_um"": 2, ""ge_5_um"": 0}",0.05,"{""interference"": 0.934, ""sub_1_um"": 0.0435, ""1_to_3_um"": 0.022, ""3_to_5_um"": 0.0005, ""ge_5_um"": 0.0}",gray_iron_gjl250,400.0,5.0,al_2618_t61,450.0,1.0,4000,20260902,50.0
engineering sensitivity distribution; not measured production statistics,8.5,1.0,0.0,"{""interference"": 3481, ""sub_1_um"": 400, ""1_to_3_um"": 119, ""3_to_5_um"": 0, ""ge_5_um"": 0}",0.05,"{""interference"": 0.87025, ""sub_1_um"": 0.1, ""1_to_3_um"": 0.02975, ""3_to_5_um"": 0.0, ""ge_5_um"": 0.0}",gray_iron_gjl250,400.0,8.0,al_2618_t61,450.0,1.0,4000,20260902,25.0
engineering sensitivity distribution; not measured production statistics,8.5,1.0,0.0,"{""interference"": 2834, ""sub_1_um"": 343, ""1_to_3_um"": 566, ""3_to_5_um"": 232, ""ge_5_um"": 25}",0.05,"{""interference"": 0.7085, ""sub_1_um"": 0.08575, ""1_to_3_um"": 0.1415, ""3_to_5_um"": 0.058, ""ge_5_um"": 0.00625}",gray_iron_gjl250,400.0,8.0,al_2618_t61,450.0,1.0,4000,20260902,50.0
engineering sensitivity distribution; not measured production statistics,8.5,1.0,0.0,"{""interference"": 2020, ""sub_1_um"": 748, ""1_to_3_um"": 1095, ""3_to_5_um"": 137, ""ge_5_um"": 0}",0.05,"{""interference"": 0.505, ""sub_1_um"": 0.187, ""1_to_3_um"": 0.27375, ""3_to_5_um"": 0.03425, ""ge_5_um"": 0.0}",gray_iron_gjl250,400.0,10.0,al_2618_t61,450.0,1.0,4000,20260902,25.0
engineering sensitivity distribution; not measured production statistics,8.5,1.0,0.0,"{""interference"": 2005, ""sub_1_um"": 403, ""1_to_3_um"": 751, ""3_to_5_um"": 568, ""ge_5_um"": 273}",0.05,"{""interference"": 0.50125, ""sub_1_um"": 0.10075, ""1_to_3_um"": 0.18775, ""3_to_5_um"": 0.142, ""ge_5_um"": 0.06825}",gray_iron_gjl250,400.0,10.0,al_2618_t61,450.0,1.0,4000,20260902,50.0
engineering sensitivity distribution; not measured production statistics,8.5,1.0,0.0,"{""interference"": 2301, ""sub_1_um"": 634, ""1_to_3_um"": 859, ""3_to_5_um"": 200, ""ge_5_um"": 6}",0.05,"{""interference"": 0.57525, ""sub_1_um"": 0.1585, ""1_to_3_um"": 0.21475, ""3_to_5_um"": 0.05, ""ge_5_um"": 0.0015}",al_6061_t6,400.0,2.0,al_4032_t6,450.0,1.0,4000,20260902,25.0
engineering sensitivity distribution; not measured production statistics,8.5,1.0,0.0,"{""interference"": 2184, ""sub_1_um"": 318, ""1_to_3_um"": 629, ""3_to_5_um"": 457, ""ge_5_um"": 412}",0.05,"{""interference"": 0.546, ""sub_1_um"": 0.0795, ""1_to_3_um"": 0.15725, ""3_to_5_um"": 0.11425, ""ge_5_um"": 0.103}",al_6061_t6,400.0,2.0,al_4032_t6,450.0,1.0,4000,20260902,50.0
engineering sensitivity distribution; not measured production statistics,8.5,1.0,0.0,"{""interference"": 1619, ""sub_1_um"": 644, ""1_to_3_um"": 1141, ""3_to_5_um"": 545, ""ge_5_um"": 51}",0.05,"{""interference"": 0.40475, ""sub_1_um"": 0.161, ""1_to_3_um"": 0.28525, ""3_to_5_um"": 0.13625, ""ge_5_um"": 0.01275}",al_6061_t6,400.0,3.0,al_4032_t6,450.0,1.0,4000,20260902,25.0
engineering sensitivity distribution; not measured production statistics,8.5,1.0,0.0,"{""interference"": 1781, ""sub_1_um"": 352, ""1_to_3_um"": 681, ""3_to_5_um"": 547, ""ge_5_um"": 639}",0.05,"{""interference"": 0.44525, ""sub_1_um"": 0.088, ""1_to_3_um"": 0.17025, ""3_to_5_um"": 0.13675, ""ge_5_um"": 0.15975}",al_6061_t6,400.0,3.0,al_4032_t6,450.0,1.0,4000,20260902,50.0
engineering sensitivity distribution; not measured production statistics,8.5,1.0,0.0,"{""interference"": 534, ""sub_1_um"": 496, ""1_to_3_um"": 1241, ""3_to_5_um"": 1161, ""ge_5_um"": 568}",0.05,"{""interference"": 0.1335, ""sub_1_um"": 0.124, ""1_to_3_um"": 0.31025, ""3_to_5_um"": 0.29025, ""ge_5_um"": 0.142}",al_6061_t6,400.0,5.0,al_4032_t6,450.0,1.0,4000,20260902,25.0
engineering sensitivity distribution; not measured production statistics,8.5,1.0,0.0,"{""interference"": 1125, ""sub_1_um"": 297, ""1_to_3_um"": 734, ""3_to_5_um"": 684, ""ge_5_um"": 1160}",0.05,"{""interference"": 0.28125, ""sub_1_um"": 0.07425, ""1_to_3_um"": 0.1835, ""3_to_5_um"": 0.171, ""ge_5_um"": 0.29}",al_6061_t6,400.0,5.0,al_4032_t6,450.0,1.0,4000,20260902,50.0
engineering sensitivity distribution; not measured production statistics,8.5,1.0,0.0,"{""interference"": 2, ""sub_1_um"": 37, ""1_to_3_um"": 471, ""3_to_5_um"": 1123, ""ge_5_um"": 2367}",0.05,"{""interference"": 0.0005, ""sub_1_um"": 0.00925, ""1_to_3_um"": 0.11775, ""3_to_5_um"": 0.28075, ""ge_5_um"": 0.59175}",al_6061_t6,400.0,8.0,al_4032_t6,450.0,1.0,4000,20260902,25.0
engineering sensitivity distribution; not measured production statistics,8.5,1.0,0.0,"{""interference"": 389, ""sub_1_um"": 194, ""1_to_3_um"": 496, ""3_to_5_um"": 705, ""ge_5_um"": 2216}",0.05,"{""interference"": 0.09725, ""sub_1_um"": 0.0485, ""1_to_3_um"": 0.124, ""3_to_5_um"": 0.17625, ""ge_5_um"": 0.554}",al_6061_t6,400.0,8.0,al_4032_t6,450.0,1.0,4000,20260902,50.0
engineering sensitivity distribution; not measured production statistics,8.5,1.0,0.0,"{""interference"": 0, ""sub_1_um"": 0, ""1_to_3_um"": 43, ""3_to_5_um"": 470, ""ge_5_um"": 3487}",0.05,"{""interference"": 0.0, ""sub_1_um"": 0.0, ""1_to_3_um"": 0.01075, ""3_to_5_um"": 0.1175, ""ge_5_um"": 0.87175}",al_6061_t6,400.0,10.0,al_4032_t6,450.0,1.0,4000,20260902,25.0
engineering sensitivity distribution; not measured production statistics,8.5,1.0,0.0,"{""interference"": 111, ""sub_1_um"": 124, ""1_to_3_um"": 381, ""3_to_5_um"": 499, ""ge_5_um"": 2885}",0.05,"{""interference"": 0.02775, ""sub_1_um"": 0.031, ""1_to_3_um"": 0.09525, ""3_to_5_um"": 0.12475, ""ge_5_um"": 0.72125}",al_6061_t6,400.0,10.0,al_4032_t6,450.0,1.0,4000,20260902,50.0
engineering sensitivity distribution; not measured production statistics,8.5,1.0,0.0,"{""interference"": 3013, ""sub_1_um"": 711, ""1_to_3_um"": 275, ""3_to_5_um"": 1, ""ge_5_um"": 0}",0.05,"{""interference"": 0.75325, ""sub_1_um"": 0.17775, ""1_to_3_um"": 0.06875, ""3_to_5_um"": 0.00025, ""ge_5_um"": 0.0}",steel_4140,400.0,2.0,steel_4140,450.0,1.0,4000,20260902,25.0
engineering sensitivity distribution; not measured production statistics,8.5,1.0,0.0,"{""interference"": 2555, ""sub_1_um"": 534, ""1_to_3_um"": 687, ""3_to_5_um"": 216, ""ge_5_um"": 8}",0.05,"{""interference"": 0.63875, ""sub_1_um"": 0.1335, ""1_to_3_um"": 0.17175, ""3_to_5_um"": 0.054, ""ge_5_um"": 0.002}",steel_4140,400.0,2.0,steel_4140,450.0,1.0,4000,20260902,50.0
engineering sensitivity distribution; not measured production statistics,8.5,1.0,0.0,"{""interference"": 1952, ""sub_1_um"": 1056, ""1_to_3_um"": 955, ""3_to_5_um"": 37, ""ge_5_um"": 0}",0.05,"{""interference"": 0.488, ""sub_1_um"": 0.264, ""1_to_3_um"": 0.23875, ""3_to_5_um"": 0.00925, ""ge_5_um"": 0.0}",steel_4140,400.0,3.0,steel_4140,450.0,1.0,4000,20260902,25.0
engineering sensitivity distribution; not measured production statistics,8.5,1.0,0.0,"{""interference"": 1955, ""sub_1_um"": 615, ""1_to_3_um"": 944, ""3_to_5_um"": 413, ""ge_5_um"": 73}",0.05,"{""interference"": 0.48875, ""sub_1_um"": 0.15375, ""1_to_3_um"": 0.236, ""3_to_5_um"": 0.10325, ""ge_5_um"": 0.01825}",steel_4140,400.0,3.0,steel_4140,450.0,1.0,4000,20260902,50.0
engineering sensitivity distribution; not measured production statistics,8.5,1.0,0.0,"{""interference"": 263, ""sub_1_um"": 655, ""1_to_3_um"": 2161, ""3_to_5_um"": 900, ""ge_5_um"": 21}",0.05,"{""interference"": 0.06575, ""sub_1_um"": 0.16375, ""1_to_3_um"": 0.54025, ""3_to_5_um"": 0.225, ""ge_5_um"": 0.00525}",steel_4140,400.0,5.0,steel_4140,450.0,1.0,4000,20260902,25.0
engineering sensitivity distribution; not measured production statistics,8.5,1.0,0.0,"{""interference"": 822, ""sub_1_um"": 481, ""1_to_3_um"": 1227, ""3_to_5_um"": 954, ""ge_5_um"": 516}",0.05,"{""interference"": 0.2055, ""sub_1_um"": 0.12025, ""1_to_3_um"": 0.30675, ""3_to_5_um"": 0.2385, ""ge_5_um"": 0.129}",steel_4140,400.0,5.0,steel_4140,450.0,1.0,4000,20260902,50.0
engineering sensitivity distribution; not measured production statistics,8.5,1.0,0.0,"{""interference"": 0, ""sub_1_um"": 0, ""1_to_3_um"": 252, ""3_to_5_um"": 1678, ""ge_5_um"": 2070}",0.05,"{""interference"": 0.0, ""sub_1_um"": 0.0, ""1_to_3_um"": 0.063, ""3_to_5_um"": 0.4195, ""ge_5_um"": 0.5175}",steel_4140,400.0,8.0,steel_4140,450.0,1.0,4000,20260902,25.0
engineering sensitivity distribution; not measured production statistics,8.5,1.0,0.0,"{""interference"": 44, ""sub_1_um"": 162, ""1_to_3_um"": 646, ""3_to_5_um"": 1117, ""ge_5_um"": 2031}",0.05,"{""interference"": 0.011, ""sub_1_um"": 0.0405, ""1_to_3_um"": 0.1615, ""3_to_5_um"": 0.27925, ""ge_5_um"": 0.50775}",steel_4140,400.0,8.0,steel_4140,450.0,1.0,4000,20260902,50.0
engineering sensitivity distribution; not measured production statistics,8.5,1.0,0.0,"{""interference"": 0, ""sub_1_um"": 0, ""1_to_3_um"": 0, ""3_to_5_um"": 250, ""ge_5_um"": 3750}",0.05,"{""interference"": 0.0, ""sub_1_um"": 0.0, ""1_to_3_um"": 0.0, ""3_to_5_um"": 0.0625, ""ge_5_um"": 0.9375}",steel_4140,400.0,10.0,steel_4140,450.0,1.0,4000,20260902,25.0
engineering sensitivity distribution; not measured production statistics,8.5,1.0,0.0,"{""interference"": 0, ""sub_1_um"": 2, ""1_to_3_um"": 203, ""3_to_5_um"": 657, ""ge_5_um"": 3138}",0.05,"{""interference"": 0.0, ""sub_1_um"": 0.0005, ""1_to_3_um"": 0.05075, ""3_to_5_um"": 0.16425, ""ge_5_um"": 0.7845}",steel_4140,400.0,10.0,steel_4140,450.0,1.0,4000,20260902,50.0
engineering sensitivity distribution; not measured production statistics,8.5,1.0,0.0,"{""interference"": 0, ""sub_1_um"": 0, ""1_to_3_um"": 0, ""3_to_5_um"": 561, ""ge_5_um"": 3439}",0.05,"{""interference"": 0.0, ""sub_1_um"": 0.0, ""1_to_3_um"": 0.0, ""3_to_5_um"": 0.14025, ""ge_5_um"": 0.85975}",steel_4140,400.0,2.0,si3n4_sn201b,450.0,1.0,4000,20260902,25.0
engineering sensitivity distribution; not measured production statistics,8.5,1.0,0.0,"{""interference"": 0, ""sub_1_um"": 0, ""1_to_3_um"": 71, ""3_to_5_um"": 1183, ""ge_5_um"": 2746}",0.05,"{""interference"": 0.0, ""sub_1_um"": 0.0, ""1_to_3_um"": 0.01775, ""3_to_5_um"": 0.29575, ""ge_5_um"": 0.6865}",steel_4140,400.0,2.0,si3n4_sn201b,450.0,1.0,4000,20260902,50.0
engineering sensitivity distribution; not measured production statistics,8.5,1.0,0.0,"{""interference"": 0, ""sub_1_um"": 0, ""1_to_3_um"": 0, ""3_to_5_um"": 32, ""ge_5_um"": 3968}",0.05,"{""interference"": 0.0, ""sub_1_um"": 0.0, ""1_to_3_um"": 0.0, ""3_to_5_um"": 0.008, ""ge_5_um"": 0.992}",steel_4140,400.0,3.0,si3n4_sn201b,450.0,1.0,4000,20260902,25.0
engineering sensitivity distribution; not measured production statistics,8.5,1.0,0.0,"{""interference"": 0, ""sub_1_um"": 0, ""1_to_3_um"": 1, ""3_to_5_um"": 577, ""ge_5_um"": 3422}",0.05,"{""interference"": 0.0, ""sub_1_um"": 0.0, ""1_to_3_um"": 0.00025, ""3_to_5_um"": 0.14425, ""ge_5_um"": 0.8555}",steel_4140,400.0,3.0,si3n4_sn201b,450.0,1.0,4000,20260902,50.0
engineering sensitivity distribution; not measured production statistics,8.5,1.0,0.0,"{""interference"": 0, ""sub_1_um"": 0, ""1_to_3_um"": 0, ""3_to_5_um"": 0, ""ge_5_um"": 4000}",0.05,"{""interference"": 0.0, ""sub_1_um"": 0.0, ""1_to_3_um"": 0.0, ""3_to_5_um"": 0.0, ""ge_5_um"": 1.0}",steel_4140,400.0,5.0,si3n4_sn201b,450.0,1.0,4000,20260902,25.0
engineering sensitivity distribution; not measured production statistics,8.5,1.0,0.0,"{""interference"": 0, ""sub_1_um"": 0, ""1_to_3_um"": 0, ""3_to_5_um"": 1, ""ge_5_um"": 3999}",0.05,"{""interference"": 0.0, ""sub_1_um"": 0.0, ""1_to_3_um"": 0.0, ""3_to_5_um"": 0.00025, ""ge_5_um"": 0.99975}",steel_4140,400.0,5.0,si3n4_sn201b,450.0,1.0,4000,20260902,50.0
engineering sensitivity distribution; not measured production statistics,8.5,1.0,0.0,"{""interference"": 0, ""sub_1_um"": 0, ""1_to_3_um"": 0, ""3_to_5_um"": 0, ""ge_5_um"": 4000}",0.05,"{""interference"": 0.0, ""sub_1_um"": 0.0, ""1_to_3_um"": 0.0, ""3_to_5_um"": 0.0, ""ge_5_um"": 1.0}",steel_4140,400.0,8.0,si3n4_sn201b,450.0,1.0,4000,20260902,25.0
engineering sensitivity distribution; not measured production statistics,8.5,1.0,0.0,"{""interference"": 0, ""sub_1_um"": 0, ""1_to_3_um"": 0, ""3_to_5_um"": 0, ""ge_5_um"": 4000}",0.05,"{""interference"": 0.0, ""sub_1_um"": 0.0, ""1_to_3_um"": 0.0, ""3_to_5_um"": 0.0, ""ge_5_um"": 1.0}",steel_4140,400.0,8.0,si3n4_sn201b,450.0,1.0,4000,20260902,50.0
engineering sensitivity distribution; not measured production statistics,8.5,1.0,0.0,"{""interference"": 0, ""sub_1_um"": 0, ""1_to_3_um"": 0, ""3_to_5_um"": 0, ""ge_5_um"": 4000}",0.05,"{""interference"": 0.0, ""sub_1_um"": 0.0, ""1_to_3_um"": 0.0, ""3_to_5_um"": 0.0, ""ge_5_um"": 1.0}",steel_4140,400.0,10.0,si3n4_sn201b,450.0,1.0,4000,20260902,25.0
engineering sensitivity distribution; not measured production statistics,8.5,1.0,0.0,"{""interference"": 0, ""sub_1_um"": 0, ""1_to_3_um"": 0, ""3_to_5_um"": 0, ""ge_5_um"": 4000}",0.05,"{""interference"": 0.0, ""sub_1_um"": 0.0, ""1_to_3_um"": 0.0, ""3_to_5_um"": 0.0, ""ge_5_um"": 1.0}",steel_4140,400.0,10.0,si3n4_sn201b,450.0,1.0,4000,20260902,50.0
engineering sensitivity distribution; not measured production statistics,8.5,1.0,0.0,"{""interference"": 0, ""sub_1_um"": 0, ""1_to_3_um"": 0, ""3_to_5_um"": 892, ""ge_5_um"": 3108}",0.05,"{""interference"": 0.0, ""sub_1_um"": 0.0, ""1_to_3_um"": 0.0, ""3_to_5_um"": 0.223, ""ge_5_um"": 0.777}",gray_iron_gjl250,400.0,2.0,si3n4_sn201b,450.0,1.0,4000,20260902,25.0
engineering sensitivity distribution; not measured production statistics,8.5,1.0,0.0,"{""interference"": 0, ""sub_1_um"": 0, ""1_to_3_um"": 75, ""3_to_5_um"": 1332, ""ge_5_um"": 2593}",0.05,"{""interference"": 0.0, ""sub_1_um"": 0.0, ""1_to_3_um"": 0.01875, ""3_to_5_um"": 0.333, ""ge_5_um"": 0.64825}",gray_iron_gjl250,400.0,2.0,si3n4_sn201b,450.0,1.0,4000,20260902,50.0
engineering sensitivity distribution; not measured production statistics,8.5,1.0,0.0,"{""interference"": 0, ""sub_1_um"": 0, ""1_to_3_um"": 0, ""3_to_5_um"": 40, ""ge_5_um"": 3960}",0.05,"{""interference"": 0.0, ""sub_1_um"": 0.0, ""1_to_3_um"": 0.0, ""3_to_5_um"": 0.01, ""ge_5_um"": 0.99}",gray_iron_gjl250,400.0,3.0,si3n4_sn201b,450.0,1.0,4000,20260902,25.0
engineering sensitivity distribution; not measured production statistics,8.5,1.0,0.0,"{""interference"": 0, ""sub_1_um"": 0, ""1_to_3_um"": 0, ""3_to_5_um"": 586, ""ge_5_um"": 3414}",0.05,"{""interference"": 0.0, ""sub_1_um"": 0.0, ""1_to_3_um"": 0.0, ""3_to_5_um"": 0.1465, ""ge_5_um"": 0.8535}",gray_iron_gjl250,400.0,3.0,si3n4_sn201b,450.0,1.0,4000,20260902,50.0
engineering sensitivity distribution; not measured production statistics,8.5,1.0,0.0,"{""interference"": 0, ""sub_1_um"": 0, ""1_to_3_um"": 0, ""3_to_5_um"": 0, ""ge_5_um"": 4000}",0.05,"{""interference"": 0.0, ""sub_1_um"": 0.0, ""1_to_3_um"": 0.0, ""3_to_5_um"": 0.0, ""ge_5_um"": 1.0}",gray_iron_gjl250,400.0,5.0,si3n4_sn201b,450.0,1.0,4000,20260902,25.0
engineering sensitivity distribution; not measured production statistics,8.5,1.0,0.0,"{""interference"": 0, ""sub_1_um"": 0, ""1_to_3_um"": 0, ""3_to_5_um"": 0, ""ge_5_um"": 4000}",0.05,"{""interference"": 0.0, ""sub_1_um"": 0.0, ""1_to_3_um"": 0.0, ""3_to_5_um"": 0.0, ""ge_5_um"": 1.0}",gray_iron_gjl250,400.0,5.0,si3n4_sn201b,450.0,1.0,4000,20260902,50.0
engineering sensitivity distribution; not measured production statistics,8.5,1.0,0.0,"{""interference"": 0, ""sub_1_um"": 0, ""1_to_3_um"": 0, ""3_to_5_um"": 0, ""ge_5_um"": 4000}",0.05,"{""interference"": 0.0, ""sub_1_um"": 0.0, ""1_to_3_um"": 0.0, ""3_to_5_um"": 0.0, ""ge_5_um"": 1.0}",gray_iron_gjl250,400.0,8.0,si3n4_sn201b,450.0,1.0,4000,20260902,25.0
engineering sensitivity distribution; not measured production statistics,8.5,1.0,0.0,"{""interference"": 0, ""sub_1_um"": 0, ""1_to_3_um"": 0, ""3_to_5_um"": 0, ""ge_5_um"": 4000}",0.05,"{""interference"": 0.0, ""sub_1_um"": 0.0, ""1_to_3_um"": 0.0, ""3_to_5_um"": 0.0, ""ge_5_um"": 1.0}",gray_iron_gjl250,400.0,8.0,si3n4_sn201b,450.0,1.0,4000,20260902,50.0
engineering sensitivity distribution; not measured production statistics,8.5,1.0,0.0,"{""interference"": 0, ""sub_1_um"": 0, ""1_to_3_um"": 0, ""3_to_5_um"": 0, ""ge_5_um"": 4000}",0.05,"{""interference"": 0.0, ""sub_1_um"": 0.0, ""1_to_3_um"": 0.0, ""3_to_5_um"": 0.0, ""ge_5_um"": 1.0}",gray_iron_gjl250,400.0,10.0,si3n4_sn201b,450.0,1.0,4000,20260902,25.0
engineering sensitivity distribution; not measured production statistics,8.5,1.0,0.0,"{""interference"": 0, ""sub_1_um"": 0, ""1_to_3_um"": 0, ""3_to_5_um"": 0, ""ge_5_um"": 4000}",0.05,"{""interference"": 0.0, ""sub_1_um"": 0.0, ""1_to_3_um"": 0.0, ""3_to_5_um"": 0.0, ""ge_5_um"": 1.0}",gray_iron_gjl250,400.0,10.0,si3n4_sn201b,450.0,1.0,4000,20260902,50.0
engineering sensitivity distribution; not measured production statistics,12.5,1.0,0.0,"{""interference"": 4000, ""sub_1_um"": 0, ""1_to_3_um"": 0, ""3_to_5_um"": 0, ""ge_5_um"": 0}",0.05,"{""interference"": 1.0, ""sub_1_um"": 0.0, ""1_to_3_um"": 0.0, ""3_to_5_um"": 0.0, ""ge_5_um"": 0.0}",steel_4140,400.0,2.0,al_4032_t6,450.0,1.0,4000,20260902,25.0
engineering sensitivity distribution; not measured production statistics,12.5,1.0,0.0,"{""interference"": 3941, ""sub_1_um"": 42, ""1_to_3_um"": 17, ""3_to_5_um"": 0, ""ge_5_um"": 0}",0.05,"{""interference"": 0.98525, ""sub_1_um"": 0.0105, ""1_to_3_um"": 0.00425, ""3_to_5_um"": 0.0, ""ge_5_um"": 0.0}",steel_4140,400.0,2.0,al_4032_t6,450.0,1.0,4000,20260902,50.0
engineering sensitivity distribution; not measured production statistics,12.5,1.0,0.0,"{""interference"": 4000, ""sub_1_um"": 0, ""1_to_3_um"": 0, ""3_to_5_um"": 0, ""ge_5_um"": 0}",0.05,"{""interference"": 1.0, ""sub_1_um"": 0.0, ""1_to_3_um"": 0.0, ""3_to_5_um"": 0.0, ""ge_5_um"": 0.0}",steel_4140,400.0,3.0,al_4032_t6,450.0,1.0,4000,20260902,25.0
engineering sensitivity distribution; not measured production statistics,12.5,1.0,0.0,"{""interference"": 3865, ""sub_1_um"": 81, ""1_to_3_um"": 53, ""3_to_5_um"": 1, ""ge_5_um"": 0}",0.05,"{""interference"": 0.96625, ""sub_1_um"": 0.02025, ""1_to_3_um"": 0.01325, ""3_to_5_um"": 0.00025, ""ge_5_um"": 0.0}",steel_4140,400.0,3.0,al_4032_t6,450.0,1.0,4000,20260902,50.0
engineering sensitivity distribution; not measured production statistics,12.5,1.0,0.0,"{""interference"": 3999, ""sub_1_um"": 1, ""1_to_3_um"": 0, ""3_to_5_um"": 0, ""ge_5_um"": 0}",0.05,"{""interference"": 0.99975, ""sub_1_um"": 0.00025, ""1_to_3_um"": 0.0, ""3_to_5_um"": 0.0, ""ge_5_um"": 0.0}",steel_4140,400.0,5.0,al_4032_t6,450.0,1.0,4000,20260902,25.0
engineering sensitivity distribution; not measured production statistics,12.5,1.0,0.0,"{""interference"": 3606, ""sub_1_um"": 158, ""1_to_3_um"": 184, ""3_to_5_um"": 52, ""ge_5_um"": 0}",0.05,"{""interference"": 0.9015, ""sub_1_um"": 0.0395, ""1_to_3_um"": 0.046, ""3_to_5_um"": 0.013, ""ge_5_um"": 0.0}",steel_4140,400.0,5.0,al_4032_t6,450.0,1.0,4000,20260902,50.0
engineering sensitivity distribution; not measured production statistics,12.5,1.0,0.0,"{""interference"": 3675, ""sub_1_um"": 210, ""1_to_3_um"": 115, ""3_to_5_um"": 0, ""ge_5_um"": 0}",0.05,"{""interference"": 0.91875, ""sub_1_um"": 0.0525, ""1_to_3_um"": 0.02875, ""3_to_5_um"": 0.0, ""ge_5_um"": 0.0}",steel_4140,400.0,8.0,al_4032_t6,450.0,1.0,4000,20260902,25.0
engineering sensitivity distribution; not measured production statistics,12.5,1.0,0.0,"{""interference"": 3001, ""sub_1_um"": 246, ""1_to_3_um"": 392, ""3_to_5_um"": 253, ""ge_5_um"": 108}",0.05,"{""interference"": 0.75025, ""sub_1_um"": 0.0615, ""1_to_3_um"": 0.098, ""3_to_5_um"": 0.06325, ""ge_5_um"": 0.027}",steel_4140,400.0,8.0,al_4032_t6,450.0,1.0,4000,20260902,50.0
engineering sensitivity distribution; not measured production statistics,12.5,1.0,0.0,"{""interference"": 2768, ""sub_1_um"": 511, ""1_to_3_um"": 605, ""3_to_5_um"": 115, ""ge_5_um"": 1}",0.05,"{""interference"": 0.692, ""sub_1_um"": 0.12775, ""1_to_3_um"": 0.15125, ""3_to_5_um"": 0.02875, ""ge_5_um"": 0.00025}",steel_4140,400.0,10.0,al_4032_t6,450.0,1.0,4000,20260902,25.0
engineering sensitivity distribution; not measured production statistics,12.5,1.0,0.0,"{""interference"": 2368, ""sub_1_um"": 354, ""1_to_3_um"": 530, ""3_to_5_um"": 387, ""ge_5_um"": 361}",0.05,"{""interference"": 0.592, ""sub_1_um"": 0.0885, ""1_to_3_um"": 0.1325, ""3_to_5_um"": 0.09675, ""ge_5_um"": 0.09025}",steel_4140,400.0,10.0,al_4032_t6,450.0,1.0,4000,20260902,50.0
engineering sensitivity distribution; not measured production statistics,12.5,1.0,0.0,"{""interference"": 4000, ""sub_1_um"": 0, ""1_to_3_um"": 0, ""3_to_5_um"": 0, ""ge_5_um"": 0}",0.05,"{""interference"": 1.0, ""sub_1_um"": 0.0, ""1_to_3_um"": 0.0, ""3_to_5_um"": 0.0, ""ge_5_um"": 0.0}",steel_4140,400.0,2.0,al_2618_t61,450.0,1.0,4000,20260902,25.0
engineering sensitivity distribution; not measured production statistics,12.5,1.0,0.0,"{""interference"": 4000, ""sub_1_um"": 0, ""1_to_3_um"": 0, ""3_to_5_um"": 0, ""ge_5_um"": 0}",0.05,"{""interference"": 1.0, ""sub_1_um"": 0.0, ""1_to_3_um"": 0.0, ""3_to_5_um"": 0.0, ""ge_5_um"": 0.0}",steel_4140,400.0,2.0,al_2618_t61,450.0,1.0,4000,20260902,50.0
engineering sensitivity distribution; not measured production statistics,12.5,1.0,0.0,"{""interference"": 4000, ""sub_1_um"": 0, ""1_to_3_um"": 0, ""3_to_5_um"": 0, ""ge_5_um"": 0}",0.05,"{""interference"": 1.0, ""sub_1_um"": 0.0, ""1_to_3_um"": 0.0, ""3_to_5_um"": 0.0, ""ge_5_um"": 0.0}",steel_4140,400.0,3.0,al_2618_t61,450.0,1.0,4000,20260902,25.0
engineering sensitivity distribution; not measured production statistics,12.5,1.0,0.0,"{""interference"": 3980, ""sub_1_um"": 19, ""1_to_3_um"": 1, ""3_to_5_um"": 0, ""ge_5_um"": 0}",0.05,"{""interference"": 0.995, ""sub_1_um"": 0.00475, ""1_to_3_um"": 0.00025, ""3_to_5_um"": 0.0, ""ge_5_um"": 0.0}",steel_4140,400.0,3.0,al_2618_t61,450.0,1.0,4000,20260902,50.0
engineering sensitivity distribution; not measured production statistics,12.5,1.0,0.0,"{""interference"": 4000, ""sub_1_um"": 0, ""1_to_3_um"": 0, ""3_to_5_um"": 0, ""ge_5_um"": 0}",0.05,"{""interference"": 1.0, ""sub_1_um"": 0.0, ""1_to_3_um"": 0.0, ""3_to_5_um"": 0.0, ""ge_5_um"": 0.0}",steel_4140,400.0,5.0,al_2618_t61,450.0,1.0,4000,20260902,25.0
engineering sensitivity distribution; not measured production statistics,12.5,1.0,0.0,"{""interference"": 3898, ""sub_1_um"": 61, ""1_to_3_um"": 41, ""3_to_5_um"": 0, ""ge_5_um"": 0}",0.05,"{""interference"": 0.9745, ""sub_1_um"": 0.01525, ""1_to_3_um"": 0.01025, ""3_to_5_um"": 0.0, ""ge_5_um"": 0.0}",steel_4140,400.0,5.0,al_2618_t61,450.0,1.0,4000,20260902,50.0
engineering sensitivity distribution; not measured production statistics,12.5,1.0,0.0,"{""interference"": 3994, ""sub_1_um"": 6, ""1_to_3_um"": 0, ""3_to_5_um"": 0, ""ge_5_um"": 0}",0.05,"{""interference"": 0.9985, ""sub_1_um"": 0.0015, ""1_to_3_um"": 0.0, ""3_to_5_um"": 0.0, ""ge_5_um"": 0.0}",steel_4140,400.0,8.0,al_2618_t61,450.0,1.0,4000,20260902,25.0
engineering sensitivity distribution; not measured production statistics,12.5,1.0,0.0,"{""interference"": 3524, ""sub_1_um"": 176, ""1_to_3_um"": 203, ""3_to_5_um"": 83, ""ge_5_um"": 14}",0.05,"{""interference"": 0.881, ""sub_1_um"": 0.044, ""1_to_3_um"": 0.05075, ""3_to_5_um"": 0.02075, ""ge_5_um"": 0.0035}",steel_4140,400.0,8.0,al_2618_t61,450.0,1.0,4000,20260902,50.0
engineering sensitivity distribution; not measured production statistics,12.5,1.0,0.0,"{""interference"": 3763, ""sub_1_um"": 159, ""1_to_3_um"": 78, ""3_to_5_um"": 0, ""ge_5_um"": 0}",0.05,"{""interference"": 0.94075, ""sub_1_um"": 0.03975, ""1_to_3_um"": 0.0195, ""3_to_5_um"": 0.0, ""ge_5_um"": 0.0}",steel_4140,400.0,10.0,al_2618_t61,450.0,1.0,4000,20260902,25.0
engineering sensitivity distribution; not measured production statistics,12.5,1.0,0.0,"{""interference"": 3112, ""sub_1_um"": 223, ""1_to_3_um"": 338, ""3_to_5_um"": 218, ""ge_5_um"": 109}",0.05,"{""interference"": 0.778, ""sub_1_um"": 0.05575, ""1_to_3_um"": 0.0845, ""3_to_5_um"": 0.0545, ""ge_5_um"": 0.02725}",steel_4140,400.0,10.0,al_2618_t61,450.0,1.0,4000,20260902,50.0
engineering sensitivity distribution; not measured production statistics,12.5,1.0,0.0,"{""interference"": 4000, ""sub_1_um"": 0, ""1_to_3_um"": 0, ""3_to_5_um"": 0, ""ge_5_um"": 0}",0.05,"{""interference"": 1.0, ""sub_1_um"": 0.0, ""1_to_3_um"": 0.0, ""3_to_5_um"": 0.0, ""ge_5_um"": 0.0}",gray_iron_gjl250,400.0,2.0,al_4032_t6,450.0,1.0,4000,20260902,25.0
engineering sensitivity distribution; not measured production statistics,12.5,1.0,0.0,"{""interference"": 3998, ""sub_1_um"": 2, ""1_to_3_um"": 0, ""3_to_5_um"": 0, ""ge_5_um"": 0}",0.05,"{""interference"": 0.9995, ""sub_1_um"": 0.0005, ""1_to_3_um"": 0.0, ""3_to_5_um"": 0.0, ""ge_5_um"": 0.0}",gray_iron_gjl250,400.0,2.0,al_4032_t6,450.0,1.0,4000,20260902,50.0
engineering sensitivity distribution; not measured production statistics,12.5,1.0,0.0,"{""interference"": 4000, ""sub_1_um"": 0, ""1_to_3_um"": 0, ""3_to_5_um"": 0, ""ge_5_um"": 0}",0.05,"{""interference"": 1.0, ""sub_1_um"": 0.0, ""1_to_3_um"": 0.0, ""3_to_5_um"": 0.0, ""ge_5_um"": 0.0}",gray_iron_gjl250,400.0,3.0,al_4032_t6,450.0,1.0,4000,20260902,25.0
engineering sensitivity distribution; not measured production statistics,12.5,1.0,0.0,"{""interference"": 3951, ""sub_1_um"": 38, ""1_to_3_um"": 11, ""3_to_5_um"": 0, ""ge_5_um"": 0}",0.05,"{""interference"": 0.98775, ""sub_1_um"": 0.0095, ""1_to_3_um"": 0.00275, ""3_to_5_um"": 0.0, ""ge_5_um"": 0.0}",gray_iron_gjl250,400.0,3.0,al_4032_t6,450.0,1.0,4000,20260902,50.0
engineering sensitivity distribution; not measured production statistics,12.5,1.0,0.0,"{""interference"": 4000, ""sub_1_um"": 0, ""1_to_3_um"": 0, ""3_to_5_um"": 0, ""ge_5_um"": 0}",0.05,"{""interference"": 1.0, ""sub_1_um"": 0.0, ""1_to_3_um"": 0.0, ""3_to_5_um"": 0.0, ""ge_5_um"": 0.0}",gray_iron_gjl250,400.0,5.0,al_4032_t6,450.0,1.0,4000,20260902,25.0
engineering sensitivity distribution; not measured production statistics,12.5,1.0,0.0,"{""interference"": 3750, ""sub_1_um"": 119, ""1_to_3_um"": 123, ""3_to_5_um"": 8, ""ge_5_um"": 0}",0.05,"{""interference"": 0.9375, ""sub_1_um"": 0.02975, ""1_to_3_um"": 0.03075, ""3_to_5_um"": 0.002, ""ge_5_um"": 0.0}",gray_iron_gjl250,400.0,5.0,al_4032_t6,450.0,1.0,4000,20260902,50.0
engineering sensitivity distribution; not measured production statistics,12.5,1.0,0.0,"{""interference"": 3849, ""sub_1_um"": 115, ""1_to_3_um"": 36, ""3_to_5_um"": 0, ""ge_5_um"": 0}",0.05,"{""interference"": 0.96225, ""sub_1_um"": 0.02875, ""1_to_3_um"": 0.009, ""3_to_5_um"": 0.0, ""ge_5_um"": 0.0}",gray_iron_gjl250,400.0,8.0,al_4032_t6,450.0,1.0,4000,20260902,25.0
engineering sensitivity distribution; not measured production statistics,12.5,1.0,0.0,"{""interference"": 3170, ""sub_1_um"": 228, ""1_to_3_um"": 381, ""3_to_5_um"": 177, ""ge_5_um"": 44}",0.05,"{""interference"": 0.7925, ""sub_1_um"": 0.057, ""1_to_3_um"": 0.09525, ""3_to_5_um"": 0.04425, ""ge_5_um"": 0.011}",gray_iron_gjl250,400.0,8.0,al_4032_t6,450.0,1.0,4000,20260902,50.0
engineering sensitivity distribution; not measured production statistics,12.5,1.0,0.0,"{""interference"": 3096, ""sub_1_um"": 428, ""1_to_3_um"": 448, ""3_to_5_um"": 28, ""ge_5_um"": 0}",0.05,"{""interference"": 0.774, ""sub_1_um"": 0.107, ""1_to_3_um"": 0.112, ""3_to_5_um"": 0.007, ""ge_5_um"": 0.0}",gray_iron_gjl250,400.0,10.0,al_4032_t6,450.0,1.0,4000,20260902,25.0
engineering sensitivity distribution; not measured production statistics,12.5,1.0,0.0,"{""interference"": 2597, ""sub_1_um"": 294, ""1_to_3_um"": 531, ""3_to_5_um"": 343, ""ge_5_um"": 235}",0.05,"{""interference"": 0.64925, ""sub_1_um"": 0.0735, ""1_to_3_um"": 0.13275, ""3_to_5_um"": 0.08575, ""ge_5_um"": 0.05875}",gray_iron_gjl250,400.0,10.0,al_4032_t6,450.0,1.0,4000,20260902,50.0
engineering sensitivity distribution; not measured production statistics,12.5,1.0,0.0,"{""interference"": 4000, ""sub_1_um"": 0, ""1_to_3_um"": 0, ""3_to_5_um"": 0, ""ge_5_um"": 0}",0.05,"{""interference"": 1.0, ""sub_1_um"": 0.0, ""1_to_3_um"": 0.0, ""3_to_5_um"": 0.0, ""ge_5_um"": 0.0}",gray_iron_gjl250,400.0,2.0,al_2618_t61,450.0,1.0,4000,20260902,25.0
engineering sensitivity distribution; not measured production statistics,12.5,1.0,0.0,"{""interference"": 4000, ""sub_1_um"": 0, ""1_to_3_um"": 0, ""3_to_5_um"": 0, ""ge_5_um"": 0}",0.05,"{""interference"": 1.0, ""sub_1_um"": 0.0, ""1_to_3_um"": 0.0, ""3_to_5_um"": 0.0, ""ge_5_um"": 0.0}",gray_iron_gjl250,400.0,2.0,al_2618_t61,450.0,1.0,4000,20260902,50.0
engineering sensitivity distribution; not measured production statistics,12.5,1.0,0.0,"{""interference"": 4000, ""sub_1_um"": 0, ""1_to_3_um"": 0, ""3_to_5_um"": 0, ""ge_5_um"": 0}",0.05,"{""interference"": 1.0, ""sub_1_um"": 0.0, ""1_to_3_um"": 0.0, ""3_to_5_um"": 0.0, ""ge_5_um"": 0.0}",gray_iron_gjl250,400.0,3.0,al_2618_t61,450.0,1.0,4000,20260902,25.0
engineering sensitivity distribution; not measured production statistics,12.5,1.0,0.0,"{""interference"": 3999, ""sub_1_um"": 1, ""1_to_3_um"": 0, ""3_to_5_um"": 0, ""ge_5_um"": 0}",0.05,"{""interference"": 0.99975, ""sub_1_um"": 0.00025, ""1_to_3_um"": 0.0, ""3_to_5_um"": 0.0, ""ge_5_um"": 0.0}",gray_iron_gjl250,400.0,3.0,al_2618_t61,450.0,1.0,4000,20260902,50.0
engineering sensitivity distribution; not measured production statistics,12.5,1.0,0.0,"{""interference"": 4000, ""sub_1_um"": 0, ""1_to_3_um"": 0, ""3_to_5_um"": 0, ""ge_5_um"": 0}",0.05,"{""interference"": 1.0, ""sub_1_um"": 0.0, ""1_to_3_um"": 0.0, ""3_to_5_um"": 0.0, ""ge_5_um"": 0.0}",gray_iron_gjl250,400.0,5.0,al_2618_t61,450.0,1.0,4000,20260902,25.0
engineering sensitivity distribution; not measured production statistics,12.5,1.0,0.0,"{""interference"": 3956, ""sub_1_um"": 38, ""1_to_3_um"": 6, ""3_to_5_um"": 0, ""ge_5_um"": 0}",0.05,"{""interference"": 0.989, ""sub_1_um"": 0.0095, ""1_to_3_um"": 0.0015, ""3_to_5_um"": 0.0, ""ge_5_um"": 0.0}",gray_iron_gjl250,400.0,5.0,al_2618_t61,450.0,1.0,4000,20260902,50.0
engineering sensitivity distribution; not measured production statistics,12.5,1.0,0.0,"{""interference"": 3999, ""sub_1_um"": 1, ""1_to_3_um"": 0, ""3_to_5_um"": 0, ""ge_5_um"": 0}",0.05,"{""interference"": 0.99975, ""sub_1_um"": 0.00025, ""1_to_3_um"": 0.0, ""3_to_5_um"": 0.0, ""ge_5_um"": 0.0}",gray_iron_gjl250,400.0,8.0,al_2618_t61,450.0,1.0,4000,20260902,25.0
engineering sensitivity distribution; not measured production statistics,12.5,1.0,0.0,"{""interference"": 3675, ""sub_1_um"": 123, ""1_to_3_um"": 169, ""3_to_5_um"": 32, ""ge_5_um"": 1}",0.05,"{""interference"": 0.91875, ""sub_1_um"": 0.03075, ""1_to_3_um"": 0.04225, ""3_to_5_um"": 0.008, ""ge_5_um"": 0.00025}",gray_iron_gjl250,400.0,8.0,al_2618_t61,450.0,1.0,4000,20260902,50.0
engineering sensitivity distribution; not measured production statistics,12.5,1.0,0.0,"{""interference"": 3915, ""sub_1_um"": 72, ""1_to_3_um"": 13, ""3_to_5_um"": 0, ""ge_5_um"": 0}",0.05,"{""interference"": 0.97875, ""sub_1_um"": 0.018, ""1_to_3_um"": 0.00325, ""3_to_5_um"": 0.0, ""ge_5_um"": 0.0}",gray_iron_gjl250,400.0,10.0,al_2618_t61,450.0,1.0,4000,20260902,25.0
engineering sensitivity distribution; not measured production statistics,12.5,1.0,0.0,"{""interference"": 3259, ""sub_1_um"": 214, ""1_to_3_um"": 315, ""3_to_5_um"": 166, ""ge_5_um"": 46}",0.05,"{""interference"": 0.81475, ""sub_1_um"": 0.0535, ""1_to_3_um"": 0.07875, ""3_to_5_um"": 0.0415, ""ge_5_um"": 0.0115}",gray_iron_gjl250,400.0,10.0,al_2618_t61,450.0,1.0,4000,20260902,50.0
engineering sensitivity distribution; not measured production statistics,12.5,1.0,0.0,"{""interference"": 2748, ""sub_1_um"": 409, ""1_to_3_um"": 540, ""3_to_5_um"": 264, ""ge_5_um"": 39}",0.05,"{""interference"": 0.687, ""sub_1_um"": 0.10225, ""1_to_3_um"": 0.135, ""3_to_5_um"": 0.066, ""ge_5_um"": 0.00975}",al_6061_t6,400.0,2.0,al_4032_t6,450.0,1.0,4000,20260902,25.0
engineering sensitivity distribution; not measured production statistics,12.5,1.0,0.0,"{""interference"": 2370, ""sub_1_um"": 271, ""1_to_3_um"": 436, ""3_to_5_um"": 315, ""ge_5_um"": 608}",0.05,"{""interference"": 0.5925, ""sub_1_um"": 0.06775, ""1_to_3_um"": 0.109, ""3_to_5_um"": 0.07875, ""ge_5_um"": 0.152}",al_6061_t6,400.0,2.0,al_4032_t6,450.0,1.0,4000,20260902,50.0
engineering sensitivity distribution; not measured production statistics,12.5,1.0,0.0,"{""interference"": 2336, ""sub_1_um"": 437, ""1_to_3_um"": 731, ""3_to_5_um"": 364, ""ge_5_um"": 132}",0.05,"{""interference"": 0.584, ""sub_1_um"": 0.10925, ""1_to_3_um"": 0.18275, ""3_to_5_um"": 0.091, ""ge_5_um"": 0.033}",al_6061_t6,400.0,3.0,al_4032_t6,450.0,1.0,4000,20260902,25.0
engineering sensitivity distribution; not measured production statistics,12.5,1.0,0.0,"{""interference"": 2213, ""sub_1_um"": 229, ""1_to_3_um"": 438, ""3_to_5_um"": 386, ""ge_5_um"": 734}",0.05,"{""interference"": 0.55325, ""sub_1_um"": 0.05725, ""1_to_3_um"": 0.1095, ""3_to_5_um"": 0.0965, ""ge_5_um"": 0.1835}",al_6061_t6,400.0,3.0,al_4032_t6,450.0,1.0,4000,20260902,50.0
engineering sensitivity distribution; not measured production statistics,12.5,1.0,0.0,"{""interference"": 1316, ""sub_1_um"": 459, ""1_to_3_um"": 938, ""3_to_5_um"": 727, ""ge_5_um"": 560}",0.05,"{""interference"": 0.329, ""sub_1_um"": 0.11475, ""1_to_3_um"": 0.2345, ""3_to_5_um"": 0.18175, ""ge_5_um"": 0.14}",al_6061_t6,400.0,5.0,al_4032_t6,450.0,1.0,4000,20260902,25.0
engineering sensitivity distribution; not measured production statistics,12.5,1.0,0.0,"{""interference"": 1649, ""sub_1_um"": 218, ""1_to_3_um"": 492, ""3_to_5_um"": 444, ""ge_5_um"": 1197}",0.05,"{""interference"": 0.41225, ""sub_1_um"": 0.0545, ""1_to_3_um"": 0.123, ""3_to_5_um"": 0.111, ""ge_5_um"": 0.29925}",al_6061_t6,400.0,5.0,al_4032_t6,450.0,1.0,4000,20260902,50.0
engineering sensitivity distribution; not measured production statistics,12.5,1.0,0.0,"{""interference"": 362, ""sub_1_um"": 244, ""1_to_3_um"": 726, ""3_to_5_um"": 928, ""ge_5_um"": 1740}",0.05,"{""interference"": 0.0905, ""sub_1_um"": 0.061, ""1_to_3_um"": 0.1815, ""3_to_5_um"": 0.232, ""ge_5_um"": 0.435}",al_6061_t6,400.0,8.0,al_4032_t6,450.0,1.0,4000,20260902,25.0
engineering sensitivity distribution; not measured production statistics,12.5,1.0,0.0,"{""interference"": 992, ""sub_1_um"": 196, ""1_to_3_um"": 430, ""3_to_5_um"": 479, ""ge_5_um"": 1903}",0.05,"{""interference"": 0.248, ""sub_1_um"": 0.049, ""1_to_3_um"": 0.1075, ""3_to_5_um"": 0.11975, ""ge_5_um"": 0.47575}",al_6061_t6,400.0,8.0,al_4032_t6,450.0,1.0,4000,20260902,50.0
engineering sensitivity distribution; not measured production statistics,12.5,1.0,0.0,"{""interference"": 49, ""sub_1_um"": 109, ""1_to_3_um"": 434, ""3_to_5_um"": 737, ""ge_5_um"": 2671}",0.05,"{""interference"": 0.01225, ""sub_1_um"": 0.02725, ""1_to_3_um"": 0.1085, ""3_to_5_um"": 0.18425, ""ge_5_um"": 0.66775}",al_6061_t6,400.0,10.0,al_4032_t6,450.0,1.0,4000,20260902,25.0
engineering sensitivity distribution; not measured production statistics,12.5,1.0,0.0,"{""interference"": 604, ""sub_1_um"": 163, ""1_to_3_um"": 356, ""3_to_5_um"": 474, ""ge_5_um"": 2403}",0.05,"{""interference"": 0.151, ""sub_1_um"": 0.04075, ""1_to_3_um"": 0.089, ""3_to_5_um"": 0.1185, ""ge_5_um"": 0.60075}",al_6061_t6,400.0,10.0,al_4032_t6,450.0,1.0,4000,20260902,50.0
engineering sensitivity distribution; not measured production statistics,12.5,1.0,0.0,"{""interference"": 3543, ""sub_1_um"": 302, ""1_to_3_um"": 154, ""3_to_5_um"": 1, ""ge_5_um"": 0}",0.05,"{""interference"": 0.88575, ""sub_1_um"": 0.0755, ""1_to_3_um"": 0.0385, ""3_to_5_um"": 0.00025, ""ge_5_um"": 0.0}",steel_4140,400.0,2.0,steel_4140,450.0,1.0,4000,20260902,25.0
engineering sensitivity distribution; not measured production statistics,12.5,1.0,0.0,"{""interference"": 2901, ""sub_1_um"": 332, ""1_to_3_um"": 462, ""3_to_5_um"": 250, ""ge_5_um"": 55}",0.05,"{""interference"": 0.72525, ""sub_1_um"": 0.083, ""1_to_3_um"": 0.1155, ""3_to_5_um"": 0.0625, ""ge_5_um"": 0.01375}",steel_4140,400.0,2.0,steel_4140,450.0,1.0,4000,20260902,50.0
engineering sensitivity distribution; not measured production statistics,12.5,1.0,0.0,"{""interference"": 3014, ""sub_1_um"": 518, ""1_to_3_um"": 446, ""3_to_5_um"": 22, ""ge_5_um"": 0}",0.05,"{""interference"": 0.7535, ""sub_1_um"": 0.1295, ""1_to_3_um"": 0.1115, ""3_to_5_um"": 0.0055, ""ge_5_um"": 0.0}",steel_4140,400.0,3.0,steel_4140,450.0,1.0,4000,20260902,25.0
engineering sensitivity distribution; not measured production statistics,12.5,1.0,0.0,"{""interference"": 2548, ""sub_1_um"": 363, ""1_to_3_um"": 567, ""3_to_5_um"": 365, ""ge_5_um"": 157}",0.05,"{""interference"": 0.637, ""sub_1_um"": 0.09075, ""1_to_3_um"": 0.14175, ""3_to_5_um"": 0.09125, ""ge_5_um"": 0.03925}",steel_4140,400.0,3.0,steel_4140,450.0,1.0,4000,20260902,50.0
engineering sensitivity distribution; not measured production statistics,12.5,1.0,0.0,"{""interference"": 1515, ""sub_1_um"": 798, ""1_to_3_um"": 1234, ""3_to_5_um"": 437, ""ge_5_um"": 16}",0.05,"{""interference"": 0.37875, ""sub_1_um"": 0.1995, ""1_to_3_um"": 0.3085, ""3_to_5_um"": 0.10925, ""ge_5_um"": 0.004}",steel_4140,400.0,5.0,steel_4140,450.0,1.0,4000,20260902,25.0
engineering sensitivity distribution; not measured production statistics,12.5,1.0,0.0,"{""interference"": 1733, ""sub_1_um"": 431, ""1_to_3_um"": 786, ""3_to_5_um"": 561, ""ge_5_um"": 489}",0.05,"{""interference"": 0.43325, ""sub_1_um"": 0.10775, ""1_to_3_um"": 0.1965, ""3_to_5_um"": 0.14025, ""ge_5_um"": 0.12225}",steel_4140,400.0,5.0,steel_4140,450.0,1.0,4000,20260902,50.0
engineering sensitivity distribution; not measured production statistics,12.5,1.0,0.0,"{""interference"": 102, ""sub_1_um"": 248, ""1_to_3_um"": 1141, ""3_to_5_um"": 1520, ""ge_5_um"": 989}",0.05,"{""interference"": 0.0255, ""sub_1_um"": 0.062, ""1_to_3_um"": 0.28525, ""3_to_5_um"": 0.38, ""ge_5_um"": 0.24725}",steel_4140,400.0,8.0,steel_4140,450.0,1.0,4000,20260902,25.0
engineering sensitivity distribution; not measured production statistics,12.5,1.0,0.0,"{""interference"": 658, ""sub_1_um"": 312, ""1_to_3_um"": 748, ""3_to_5_um"": 823, ""ge_5_um"": 1459}",0.05,"{""interference"": 0.1645, ""sub_1_um"": 0.078, ""1_to_3_um"": 0.187, ""3_to_5_um"": 0.20575, ""ge_5_um"": 0.36475}",steel_4140,400.0,8.0,steel_4140,450.0,1.0,4000,20260902,50.0
engineering sensitivity distribution; not measured production statistics,12.5,1.0,0.0,"{""interference"": 0, ""sub_1_um"": 8, ""1_to_3_um"": 325, ""3_to_5_um"": 1138, ""ge_5_um"": 2529}",0.05,"{""interference"": 0.0, ""sub_1_um"": 0.002, ""1_to_3_um"": 0.08125, ""3_to_5_um"": 0.2845, ""ge_5_um"": 0.63225}",steel_4140,400.0,10.0,steel_4140,450.0,1.0,4000,20260902,25.0
engineering sensitivity distribution; not measured production statistics,12.5,1.0,0.0,"{""interference"": 266, ""sub_1_um"": 161, ""1_to_3_um"": 550, ""3_to_5_um"": 748, ""ge_5_um"": 2275}",0.05,"{""interference"": 0.0665, ""sub_1_um"": 0.04025, ""1_to_3_um"": 0.1375, ""3_to_5_um"": 0.187, ""ge_5_um"": 0.56875}",steel_4140,400.0,10.0,steel_4140,450.0,1.0,4000,20260902,50.0
engineering sensitivity distribution; not measured production statistics,12.5,1.0,0.0,"{""interference"": 0, ""sub_1_um"": 0, ""1_to_3_um"": 0, ""3_to_5_um"": 2, ""ge_5_um"": 3998}",0.05,"{""interference"": 0.0, ""sub_1_um"": 0.0, ""1_to_3_um"": 0.0, ""3_to_5_um"": 0.0005, ""ge_5_um"": 0.9995}",steel_4140,400.0,2.0,si3n4_sn201b,450.0,1.0,4000,20260902,25.0
engineering sensitivity distribution; not measured production statistics,12.5,1.0,0.0,"{""interference"": 0, ""sub_1_um"": 0, ""1_to_3_um"": 8, ""3_to_5_um"": 560, ""ge_5_um"": 3432}",0.05,"{""interference"": 0.0, ""sub_1_um"": 0.0, ""1_to_3_um"": 0.002, ""3_to_5_um"": 0.14, ""ge_5_um"": 0.858}",steel_4140,400.0,2.0,si3n4_sn201b,450.0,1.0,4000,20260902,50.0
engineering sensitivity distribution; not measured production statistics,12.5,1.0,0.0,"{""interference"": 0, ""sub_1_um"": 0, ""1_to_3_um"": 0, ""3_to_5_um"": 0, ""ge_5_um"": 4000}",0.05,"{""interference"": 0.0, ""sub_1_um"": 0.0, ""1_to_3_um"": 0.0, ""3_to_5_um"": 0.0, ""ge_5_um"": 1.0}",steel_4140,400.0,3.0,si3n4_sn201b,450.0,1.0,4000,20260902,25.0
engineering sensitivity distribution; not measured production statistics,12.5,1.0,0.0,"{""interference"": 0, ""sub_1_um"": 0, ""1_to_3_um"": 0, ""3_to_5_um"": 150, ""ge_5_um"": 3850}",0.05,"{""interference"": 0.0, ""sub_1_um"": 0.0, ""1_to_3_um"": 0.0, ""3_to_5_um"": 0.0375, ""ge_5_um"": 0.9625}",steel_4140,400.0,3.0,si3n4_sn201b,450.0,1.0,4000,20260902,50.0
engineering sensitivity distribution; not measured production statistics,12.5,1.0,0.0,"{""interference"": 0, ""sub_1_um"": 0, ""1_to_3_um"": 0, ""3_to_5_um"": 0, ""ge_5_um"": 4000}",0.05,"{""interference"": 0.0, ""sub_1_um"": 0.0, ""1_to_3_um"": 0.0, ""3_to_5_um"": 0.0, ""ge_5_um"": 1.0}",steel_4140,400.0,5.0,si3n4_sn201b,450.0,1.0,4000,20260902,25.0
engineering sensitivity distribution; not measured production statistics,12.5,1.0,0.0,"{""interference"": 0, ""sub_1_um"": 0, ""1_to_3_um"": 0, ""3_to_5_um"": 0, ""ge_5_um"": 4000}",0.05,"{""interference"": 0.0, ""sub_1_um"": 0.0, ""1_to_3_um"": 0.0, ""3_to_5_um"": 0.0, ""ge_5_um"": 1.0}",steel_4140,400.0,5.0,si3n4_sn201b,450.0,1.0,4000,20260902,50.0
engineering sensitivity distribution; not measured production statistics,12.5,1.0,0.0,"{""interference"": 0, ""sub_1_um"": 0, ""1_to_3_um"": 0, ""3_to_5_um"": 0, ""ge_5_um"": 4000}",0.05,"{""interference"": 0.0, ""sub_1_um"": 0.0, ""1_to_3_um"": 0.0, ""3_to_5_um"": 0.0, ""ge_5_um"": 1.0}",steel_4140,400.0,8.0,si3n4_sn201b,450.0,1.0,4000,20260902,25.0
engineering sensitivity distribution; not measured production statistics,12.5,1.0,0.0,"{""interference"": 0, ""sub_1_um"": 0, ""1_to_3_um"": 0, ""3_to_5_um"": 0, ""ge_5_um"": 4000}",0.05,"{""interference"": 0.0, ""sub_1_um"": 0.0, ""1_to_3_um"": 0.0, ""3_to_5_um"": 0.0, ""ge_5_um"": 1.0}",steel_4140,400.0,8.0,si3n4_sn201b,450.0,1.0,4000,20260902,50.0
engineering sensitivity distribution; not measured production statistics,12.5,1.0,0.0,"{""interference"": 0, ""sub_1_um"": 0, ""1_to_3_um"": 0, ""3_to_5_um"": 0, ""ge_5_um"": 4000}",0.05,"{""interference"": 0.0, ""sub_1_um"": 0.0, ""1_to_3_um"": 0.0, ""3_to_5_um"": 0.0, ""ge_5_um"": 1.0}",steel_4140,400.0,10.0,si3n4_sn201b,450.0,1.0,4000,20260902,25.0
engineering sensitivity distribution; not measured production statistics,12.5,1.0,0.0,"{""interference"": 0, ""sub_1_um"": 0, ""1_to_3_um"": 0, ""3_to_5_um"": 0, ""ge_5_um"": 4000}",0.05,"{""interference"": 0.0, ""sub_1_um"": 0.0, ""1_to_3_um"": 0.0, ""3_to_5_um"": 0.0, ""ge_5_um"": 1.0}",steel_4140,400.0,10.0,si3n4_sn201b,450.0,1.0,4000,20260902,50.0
engineering sensitivity distribution; not measured production statistics,12.5,1.0,0.0,"{""interference"": 0, ""sub_1_um"": 0, ""1_to_3_um"": 0, ""3_to_5_um"": 26, ""ge_5_um"": 3974}",0.05,"{""interference"": 0.0, ""sub_1_um"": 0.0, ""1_to_3_um"": 0.0, ""3_to_5_um"": 0.0065, ""ge_5_um"": 0.9935}",gray_iron_gjl250,400.0,2.0,si3n4_sn201b,450.0,1.0,4000,20260902,25.0
engineering sensitivity distribution; not measured production statistics,12.5,1.0,0.0,"{""interference"": 0, ""sub_1_um"": 0, ""1_to_3_um"": 10, ""3_to_5_um"": 669, ""ge_5_um"": 3321}",0.05,"{""interference"": 0.0, ""sub_1_um"": 0.0, ""1_to_3_um"": 0.0025, ""3_to_5_um"": 0.16725, ""ge_5_um"": 0.83025}",gray_iron_gjl250,400.0,2.0,si3n4_sn201b,450.0,1.0,4000,20260902,50.0
engineering sensitivity distribution; not measured production statistics,12.5,1.0,0.0,"{""interference"": 0, ""sub_1_um"": 0, ""1_to_3_um"": 0, ""3_to_5_um"": 0, ""ge_5_um"": 4000}",0.05,"{""interference"": 0.0, ""sub_1_um"": 0.0, ""1_to_3_um"": 0.0, ""3_to_5_um"": 0.0, ""ge_5_um"": 1.0}",gray_iron_gjl250,400.0,3.0,si3n4_sn201b,450.0,1.0,4000,20260902,25.0
engineering sensitivity distribution; not measured production statistics,12.5,1.0,0.0,"{""interference"": 0, ""sub_1_um"": 0, ""1_to_3_um"": 0, ""3_to_5_um"": 202, ""ge_5_um"": 3798}",0.05,"{""interference"": 0.0, ""sub_1_um"": 0.0, ""1_to_3_um"": 0.0, ""3_to_5_um"": 0.0505, ""ge_5_um"": 0.9495}",gray_iron_gjl250,400.0,3.0,si3n4_sn201b,450.0,1.0,4000,20260902,50.0
engineering sensitivity distribution; not measured production statistics,12.5,1.0,0.0,"{""interference"": 0, ""sub_1_um"": 0, ""1_to_3_um"": 0, ""3_to_5_um"": 0, ""ge_5_um"": 4000}",0.05,"{""interference"": 0.0, ""sub_1_um"": 0.0, ""1_to_3_um"": 0.0, ""3_to_5_um"": 0.0, ""ge_5_um"": 1.0}",gray_iron_gjl250,400.0,5.0,si3n4_sn201b,450.0,1.0,4000,20260902,25.0
engineering sensitivity distribution; not measured production statistics,12.5,1.0,0.0,"{""interference"": 0, ""sub_1_um"": 0, ""1_to_3_um"": 0, ""3_to_5_um"": 0, ""ge_5_um"": 4000}",0.05,"{""interference"": 0.0, ""sub_1_um"": 0.0, ""1_to_3_um"": 0.0, ""3_to_5_um"": 0.0, ""ge_5_um"": 1.0}",gray_iron_gjl250,400.0,5.0,si3n4_sn201b,450.0,1.0,4000,20260902,50.0
engineering sensitivity distribution; not measured production statistics,12.5,1.0,0.0,"{""interference"": 0, ""sub_1_um"": 0, ""1_to_3_um"": 0, ""3_to_5_um"": 0, ""ge_5_um"": 4000}",0.05,"{""interference"": 0.0, ""sub_1_um"": 0.0, ""1_to_3_um"": 0.0, ""3_to_5_um"": 0.0, ""ge_5_um"": 1.0}",gray_iron_gjl250,400.0,8.0,si3n4_sn201b,450.0,1.0,4000,20260902,25.0
engineering sensitivity distribution; not measured production statistics,12.5,1.0,0.0,"{""interference"": 0, ""sub_1_um"": 0, ""1_to_3_um"": 0, ""3_to_5_um"": 0, ""ge_5_um"": 4000}",0.05,"{""interference"": 0.0, ""sub_1_um"": 0.0, ""1_to_3_um"": 0.0, ""3_to_5_um"": 0.0, ""ge_5_um"": 1.0}",gray_iron_gjl250,400.0,8.0,si3n4_sn201b,450.0,1.0,4000,20260902,50.0
engineering sensitivity distribution; not measured production statistics,12.5,1.0,0.0,"{""interference"": 0, ""sub_1_um"": 0, ""1_to_3_um"": 0, ""3_to_5_um"": 0, ""ge_5_um"": 4000}",0.05,"{""interference"": 0.0, ""sub_1_um"": 0.0, ""1_to_3_um"": 0.0, ""3_to_5_um"": 0.0, ""ge_5_um"": 1.0}",gray_iron_gjl250,400.0,10.0,si3n4_sn201b,450.0,1.0,4000,20260902,25.0
engineering sensitivity distribution; not measured production statistics,12.5,1.0,0.0,"{""interference"": 0, ""sub_1_um"": 0, ""1_to_3_um"": 0, ""3_to_5_um"": 0, ""ge_5_um"": 4000}",0.05,"{""interference"": 0.0, ""sub_1_um"": 0.0, ""1_to_3_um"": 0.0, ""3_to_5_um"": 0.0, ""ge_5_um"": 1.0}",gray_iron_gjl250,400.0,10.0,si3n4_sn201b,450.0,1.0,4000,20260902,50.0
