CA10_deg_atdc,CA50_deg_atdc,CA90_deg_atdc,blowby_mass_in_mg,blowby_mass_out_mg,branch,case,compression_start_boundary_temperature_K,compression_start_core_temperature_K,compression_start_pressure_bar,error,event_CA10_elapsed_s,event_criterion,event_elapsed_at_+0_CAD_s,event_elapsed_at_+20_CAD_s,event_elapsed_at_+40_CAD_s,event_elapsed_at_-20_CAD_s,event_elapsed_at_-40_CAD_s,event_first_inventory_conversion_onset_1pct_deg_atdc,event_first_inventory_conversion_onset_1pct_elapsed_s,failed_gates,four_stroke_period_s,fuel_composition,fuel_profile,gate_CA50_in_minus15_to_plus20_CAD,gate_conversion_10_to_90pct,gate_end_mass_retention_at_least_0p87,gate_max_pressure_rise_at_most_10_bar_per_deg,gate_pass,gate_peak_temperature_below_1600K,gate_positive_gross_imep,gate_pressure_coupling_at_most_0p10_bar,gross_imep_bar,gross_indicated_power_W_per_cylinder,gross_indicated_work_mJ,gross_work_supported_mJ,limiting_mechanism,mass_balance_residual_mg,mass_retained_end_fraction,max_fuel_consumed_fraction,max_interzone_pressure_difference_bar,max_pressure_rise_bar_per_deg,max_pressure_rise_deg_atdc,max_volume_closure_error_mm3,mechanism,mechanism_case,minimum_motor_torque_proxy_Nm,minimum_motor_work_proxy_mJ,mixing_time_max_observed_ms,mixing_time_min_observed_ms,modeled_compression_expansion_period_s,peak_boundary_temperature_K,peak_core_temperature_K,peak_pressure_bar,peak_pressure_deg_atdc,peak_temperature_K,reacting_tdc_boundary_temperature_K,reacting_tdc_core_temperature_K,reacting_tdc_pressure_bar,revolution_period_s,rpm,screen_class,stable_idle_status,status,trace_P_bar_at_+0_CAD,trace_P_bar_at_+180_CAD,trace_P_bar_at_+45_CAD,trace_P_bar_at_+90_CAD,trace_P_bar_at_-180_CAD,trace_P_bar_at_-45_CAD,trace_P_bar_at_-90_CAD,transition_step_deg,trapped_mass_mg,uncertainty_factor,wall_energy_gas_to_wall_mJ,wall_heat_mJ
-8.535421507255524,9.696454372013378,10.706042217494675,0.0,0.29622900413534875,rapid_heat_release,rpm_baseline,300.0,300.0,3.0000000000000004,,0.03572178718598843,global fuel inventory >= 1% for onset; CA10 from cumulative heat release,0.0375,0.041666666666666664,0.04583333333333334,0.03333333333333333,0.029166666666666667,-13.25,0.03473958333333333,peak_temperature_below_1600K;max_pressure_rise_at_most_10_bar_per_deg;end_mass_retention_at_least_0p87,0.15,"ch3och3:0.25, CH4:0.75",dme_llnl_2004,True,True,False,False,False,False,True,True,11.428806526556926,3.026463179274694,453.969476891204,453.969476891204,high_temperature,9.8178407465162e-06,0.8115592979084533,0.8624056853897946,0.0721312001192756,63.664485792540404,10.5,0.07929510693740169,mechanisms\llnl_dme_2004\llnl_dme_2004.yaml,dme_llnl_2004,0.0,0.0,33.773727880779255,15.206123391069895,0.075,917.8719136347021,1869.0845275975087,107.38540401388329,10.75,1869.0845275975087,802.0817415544898,934.5833796717037,64.46150695448009,0.075,800.0,implausible,unresolved,ok,64.46150695448009,6.483194009615497,38.428424508620765,13.048249200574665,3.0000000000000004,20.124041193436558,7.170387707990098,0.125,1.5720532702758607,none,283.7849664636454,283.7849664636454
-7.592987278761016,-4.718416725500221,12.937628200330323,0.0,0.21480666533368867,cool_partial_candidate,rpm_baseline,300.0,300.0,3.0000000000000004,,0.028734502120206496,global fuel inventory >= 1% for onset; CA10 from cumulative heat release,0.03,0.03333333333333333,0.03666666666666667,0.026666666666666665,0.023333333333333334,-9.0,0.028499999999999998,end_mass_retention_at_least_0p87,0.12,"ch3och3:0.25, CH4:0.75",dme_llnl_2004,True,True,False,True,False,True,True,True,0.7626087230646459,0.2524330969276806,30.291971631321672,30.291971631321672,trapped_mass_loss,7.11456139847997e-06,0.8633546432829264,0.382079161803347,0.05932240001902159,4.924566080391514,-6.875,0.08172334137766517,mechanisms\llnl_dme_2004\llnl_dme_2004.yaml,dme_llnl_2004,0.0,0.0,33.773727880779255,13.36871182009486,0.06,797.614356459216,902.8489178307026,62.58559357456931,2.25,902.8489178307026,748.9332990278513,888.7406832572101,62.14222626949085,0.06,1000.0,marginal,unresolved,ok,62.14222626949085,4.180629566458282,20.579544947592794,7.2166819145199606,3.0000000000000004,19.915473223872542,7.051626240363399,0.125,1.5720532702758607,none,-57.81094695546474,-57.81094695546474
-3.6261348681903964,-1.7578901018763102,8.993194343127534,0.0,0.18082642143008115,cool_partial_candidate,rpm_baseline,300.0,300.0,3.0000000000000004,,0.024496370157195777,global fuel inventory >= 1% for onset; CA10 from cumulative heat release,0.025,0.02777777777777778,0.030555555555555558,0.022222222222222223,0.019444444444444445,-5.125,0.024288194444444446,,0.1,"ch3och3:0.25, CH4:0.75",dme_llnl_2004,True,True,True,True,True,True,True,True,0.6241222219788247,0.24791078400839855,24.791078400839854,24.791078400839854,none_within_screen,1.1296516390249112e-05,0.8849671818597225,0.3254831888472991,0.05931637100712338,3.859156095933457,-2.5,0.08201608105964235,mechanisms\llnl_dme_2004\llnl_dme_2004.yaml,dme_llnl_2004,0.0,0.0,33.773727880779255,11.927471734515462,0.05,797.900880925632,877.5051977038061,61.56308730170314,2.125,877.5051977038061,729.8056763426755,866.9035664923582,61.32688927228959,0.05,1200.0,robust,unresolved,ok,61.32688927228959,4.136469384578543,20.13658615929044,7.0792858380503825,3.0000000000000004,19.75427738262922,6.962395712208039,0.125,1.5720532702758607,none,-69.93887747560449,-69.93887747560449
,,,,,,rpm_baseline,,,,"CanteraError: 
*******************************************************************************
CanteraError thrown by CVodesIntegrator::integrate:
Maximum number of timesteps (100000) taken without reaching output time (0.0005138888888888894).
Current integrator time: 0.000505268294697394
*******************************************************************************
",,,,,,,,,,,,,,,,,,,,,,,,,,numerical_failure,,,,,,,,,dme_llnl_2004,,,,,,,,,,,,,,,1500.0,numerical_failure,unresolved,error,,,,,,,,,,none,,
2.435244167209159,15.414309226382645,24.010033105059588,0.0,0.11129858852798576,cool_partial_candidate,rpm_baseline,300.0,300.0,3.0000000000000004,,0.015202937013934097,global fuel inventory >= 1% for onset; CA10 from cumulative heat release,0.015,0.016666666666666666,0.018333333333333333,0.013333333333333332,0.011666666666666667,-0.75,0.0149375,,0.06,"ch3och3:0.25, CH4:0.75",dme_llnl_2004,True,True,True,True,True,True,True,True,0.9133334578694463,0.604649766845396,36.278986010723756,36.278986010723756,none_within_screen,9.206407529351868e-06,0.9291959140061564,0.27740122156685704,0.0592889346931089,1.0724685633314266,-20.875,0.07970444655341034,mechanisms\llnl_dme_2004\llnl_dme_2004.yaml,dme_llnl_2004,0.0,0.0,33.77372788077925,8.333733901551266,0.03,806.5246980059723,761.5482086172522,54.50593988275119,2.5,806.5246980059723,748.9701284054798,723.8052051289401,54.41063384543153,0.03,2000.0,robust,unresolved,ok,54.41063384543153,4.179672649131332,20.651523473182337,7.213876872526329,3.0000000000000004,19.313455056892465,6.726745405904385,0.125,1.5720532702758607,none,-69.21588975952956,-69.21588975952956
3.4170037048523065,8.173570501935794,15.266429425444624,0.0,0.07475033920540092,no_positive_gross_work,rpm_baseline,300.0,300.0,3.0000000000000004,,0.010189833539158462,global fuel inventory >= 1% for onset; CA10 from cumulative heat release,0.01,0.011111111111111112,0.012222222222222223,0.008888888888888889,0.007777777777777778,3.75,0.010208333333333333,positive_gross_imep;conversion_10_to_90pct,0.04,"ch3och3:0.25, CH4:0.75",dme_llnl_2004,True,False,True,True,False,True,False,True,-0.3504549528770038,-0.3480150164013553,-13.92060065605421,-13.92060065605421,nonpositive_gross_work,6.818353248270927e-06,0.9524461677144497,0.05764773166669548,0.05921612312146753,1.0826448515500147,-20.625,0.08110001967877696,mechanisms\llnl_dme_2004\llnl_dme_2004.yaml,dme_llnl_2004,0.0011077662026096544,13.92060065605421,33.77372788077925,6.0537472918425825,0.02,793.21958032482,709.6075946525634,54.24983284107574,-0.625,793.21958032482,749.5337499436014,709.5561576088433,54.229375872263105,0.02,3000.0,implausible,unresolved,ok,54.229375872263105,3.70634294602612,17.998655440237112,6.283178351222717,3.0000000000000004,18.929461477964175,6.538292312939763,0.125,1.5720532702758607,none,-82.33636822748673,-82.33636822748673
7.301097181916624,16.87031800834673,35.09627101328621,0.0,0.04516597936150875,no_positive_gross_work,rpm_baseline,300.0,300.0,3.0000000000000004,,0.0062433699060638875,global fuel inventory >= 1% for onset; CA10 from cumulative heat release,0.006,0.006666666666666667,0.007333333333333334,0.005333333333333333,0.004666666666666667,,,positive_gross_imep;conversion_10_to_90pct,0.024,"ch3och3:0.25, CH4:0.75",dme_llnl_2004,True,False,True,True,False,True,False,True,-0.3807964907222727,-0.6302421841302984,-15.125812419127165,-15.125812419127165,nonpositive_gross_work,2.296708559171219e-06,0.9712679735959953,0.00039080428344444133,0.05898616224322992,1.0808337933978862,-20.0,0.07915561352982954,mechanisms\llnl_dme_2004\llnl_dme_2004.yaml,dme_llnl_2004,0.001203673907392434,15.125812419127165,33.77372788077924,3.9127861804311435,0.012,751.8617768878391,692.9235195755249,53.78294138824673,-0.5,751.8617768878391,750.3276014987622,692.894845991551,53.77110124626239,0.012,5000.0,implausible,unresolved,ok,53.77110124626239,3.540883188871136,17.484086036562292,6.095807338994263,3.0000000000000004,18.392351876336672,6.304856385283824,0.125,1.5720532702758607,none,-78.46615913076363,-78.46615913076363
1.993099698112628,12.555875381975124,25.268819350212063,0.0,0.030211079412907307,no_positive_gross_work,rpm_baseline,300.0,300.0,3.0000000000000004,,0.004044291104402503,global fuel inventory >= 1% for onset; CA10 from cumulative heat release,0.004,0.0044444444444444444,0.00488888888888889,0.0035555555555555553,0.0031111111111111114,,,positive_gross_imep;conversion_10_to_90pct,0.016,"ch3och3:0.25, CH4:0.75",dme_llnl_2004,True,False,True,True,False,True,False,True,-0.21443823450505706,-0.5323631830975046,-8.517810929560074,-8.517810929560074,nonpositive_gross_work,2.5743095973382915e-06,0.9807807697781113,3.2487062837782034e-06,0.05857177907715959,1.0724728011712727,-19.875,0.08165763119911895,mechanisms\llnl_dme_2004\llnl_dme_2004.yaml,dme_llnl_2004,0.0006778258568808288,8.517810929560074,33.77372788077923,2.713305611361373,0.008,739.5377865031131,680.901164465985,53.131487951450254,-0.375,739.5377865031131,738.9240448458347,680.8899154941329,53.126861474411946,0.008,7500.0,implausible,unresolved,ok,53.126861474411946,3.4411815994458843,17.39577013633773,6.0353887512109425,3.0000000000000004,17.9674373045158,6.139455905878169,0.125,1.5720532702758607,none,-63.05279780111961,-63.05279780111961
-0.8888816078023083,10.13211453688133,23.316648733874377,0.0,0.022662300421529055,no_positive_gross_work,rpm_baseline,300.0,300.0,3.0000000000000004,,0.002985185306536628,global fuel inventory >= 1% for onset; CA10 from cumulative heat release,0.003,0.0033333333333333335,0.003666666666666667,0.0026666666666666666,0.0023333333333333335,,,positive_gross_imep;conversion_10_to_90pct,0.012,"ch3och3:0.25, CH4:0.75",dme_llnl_2004,True,False,True,True,False,True,False,True,-0.13554778570507742,-0.44868025099054304,-5.384163011886517,-5.384163011886517,nonpositive_gross_work,5.806300215572845e-07,0.9855838975179424,5.282917748649613e-07,0.05805443711006083,1.0638134479798396,-19.375,0.0821511621275114,mechanisms\llnl_dme_2004\llnl_dme_2004.yaml,dme_llnl_2004,0.0004284580788771432,5.384163011886517,33.77372788077922,2.076688330173206,0.006,727.2123413991184,673.4898399281151,52.620749620092155,-0.25,727.2123413991184,726.9069748335253,673.484359618064,52.61829387837313,0.006,10000.0,implausible,unresolved,ok,52.61829387837313,3.371183212023947,17.290159199484542,5.983118436530499,3.0000000000000004,17.692635702776133,6.039144823164419,0.125,1.5720532702758607,none,-52.73784825974899,-52.73784825974899
-14.304913852674526,7.332415927789061,8.679488781559765,0.0,0.3021767592743161,rapid_heat_release,rpm_baseline,300.0,300.0,3.0000000000000004,,0.034519809614026134,global fuel inventory >= 1% for onset; CA10 from cumulative heat release,0.0375,0.041666666666666664,0.04583333333333334,0.03333333333333333,0.029166666666666667,-16.5,0.034062499999999996,peak_temperature_below_1600K;max_pressure_rise_at_most_10_bar_per_deg;end_mass_retention_at_least_0p87,0.15,"CH3OCH3:0.25, CH4:0.75",dme_zhao_full,True,True,False,False,False,False,True,True,11.159934189447263,2.955263073970866,443.28946109562986,443.28946109562986,high_temperature,6.66312662499654e-06,0.8077778736162582,0.8731598130619854,0.0771552375818789,72.1846391668305,8.5,0.08612010347471293,mechanisms\dme_zhao_full.yaml,dme_zhao_full,0.0,0.0,33.773727880779255,15.206123391069895,0.075,939.8924631800056,1874.3024032533392,110.73603993506353,8.75,1874.3024032533392,853.1592927612421,1169.7183045468319,79.17417378186278,0.075,800.0,implausible,unresolved,ok,79.17417378186278,6.370711690714348,37.92912279204179,12.809258127168938,3.0000000000000004,20.126279676012715,7.1706956193071125,0.125,1.5720532702758607,none,291.8718361027674,291.8718361027674
-10.987921625168187,3.0649134160929012,15.922994822609141,0.0,0.22693872751466546,cool_partial_candidate,rpm_baseline,300.0,300.0,3.0000000000000004,,0.028168679729138637,global fuel inventory >= 1% for onset; CA10 from cumulative heat release,0.03,0.03333333333333333,0.03666666666666667,0.026666666666666665,0.023333333333333334,-12.625,0.02789583333333333,end_mass_retention_at_least_0p87,0.12,"CH3OCH3:0.25, CH4:0.75",dme_zhao_full,True,True,False,True,False,True,True,True,4.2249465190264575,1.3985105361314687,167.82126433577625,167.82126433577625,trapped_mass_loss,6.749423969395435e-06,0.8556375402604448,0.6193072830824754,0.059318679787001456,8.278168643968627,-10.75,0.07587501688136995,mechanisms\dme_zhao_full.yaml,dme_zhao_full,0.0,0.0,33.773727880779255,13.36871182009486,0.06,845.0673849765285,1140.1779347947404,73.33553923338326,7.5,1140.1779347947404,835.1298327517394,948.676940190346,66.9920425088521,0.06,1000.0,marginal,unresolved,ok,66.9920425088521,4.923147845371896,26.50099865872941,9.080023769194115,3.0000000000000004,19.91873842885563,7.052029246063281,0.125,1.5720532702758607,none,30.981019919161685,30.981019919161685
-7.959636222512234,-6.05738765779809,15.752172803795286,0.0,0.18529046211841643,cool_partial_candidate,rpm_baseline,300.0,300.0,3.0000000000000004,,0.023894494969095525,global fuel inventory >= 1% for onset; CA10 from cumulative heat release,0.025,0.02777777777777778,0.030555555555555558,0.022222222222222223,0.019444444444444445,-9.5,0.023680555555555555,,0.1,"CH3OCH3:0.25, CH4:0.75",dme_zhao_full,True,True,True,True,True,True,True,True,1.8741463482241107,0.7444392687406669,74.44392687406669,74.44392687406669,none_within_screen,6.028617264780773e-06,0.8821309085135736,0.453701474059357,0.059312493507516335,7.784351620148925,-7.25,0.07347049827654221,mechanisms\dme_zhao_full.yaml,dme_zhao_full,0.0,0.0,33.773727880779255,11.927471734515462,0.05,852.849795855835,932.9200092330406,65.60223075387879,0.25,932.9200092330406,845.3217514629679,909.444069967894,65.59735708911508,0.05,1200.0,robust,unresolved,ok,65.59735708911508,4.424372618223718,22.359644039007986,7.780680811607034,3.0000000000000004,19.757983631509553,6.962848376029757,0.125,1.5720532702758607,none,-37.72125381035986,-37.72125381035986
-6.273699368664942,-3.6919627222162354,6.606894045119639,0.0,0.14905437469790653,cool_partial_candidate,rpm_baseline,300.0,300.0,3.0000000000000004,,0.019302922292370562,global fuel inventory >= 1% for onset; CA10 from cumulative heat release,0.02,0.022222222222222223,0.024444444444444446,0.017777777777777778,0.015555555555555557,-8.375,0.019069444444444444,,0.08,"CH3OCH3:0.25, CH4:0.75",dme_zhao_full,True,True,True,True,True,True,True,True,1.2219546789014955,0.6067235947566507,48.53788758053206,48.53788758053206,none_within_screen,7.8689379715229e-06,0.9051799029623716,0.36345014007763105,0.059305324575006965,6.3306201545520935,-3.625,0.07677734254170512,mechanisms\dme_zhao_full.yaml,dme_zhao_full,0.0,0.0,33.77372788077925,10.267164202979343,0.04,867.2134993407071,890.120469329563,65.2524542485941,0.0,890.120469329563,864.1189118526786,885.7707490078337,65.2524542485941,0.04,1500.0,robust,unresolved,ok,65.2524542485941,4.244835879240313,20.978015732837008,7.334532540750594,3.0000000000000004,19.566236782327245,6.858803933847143,0.125,1.5720532702758607,none,-57.31469738439283,-57.31469738439283
-5.975300424639395,1.0038369623749173,4.469984148270943,0.0,0.11351429118692323,cool_partial_candidate,rpm_baseline,300.0,300.0,3.0000000000000004,,0.014502058297946718,global fuel inventory >= 1% for onset; CA10 from cumulative heat release,0.015,0.016666666666666666,0.018333333333333333,0.013333333333333332,0.011666666666666667,-7.875,0.01434375,,0.06,"CH3OCH3:0.25, CH4:0.75",dme_zhao_full,True,True,True,True,True,True,True,True,1.4211166466859417,0.9408150349415892,56.448902096495345,56.448902096495345,none_within_screen,5.016090224292715e-06,0.9277891472104968,0.333394483849043,0.059285511117830175,3.832329318338367,1.375,0.07466761147664686,mechanisms\dme_zhao_full.yaml,dme_zhao_full,0.0,0.0,33.77372788077925,8.333733901551266,0.03,867.7269781051477,870.2853659435192,64.1495922275511,3.25,870.2853659435192,852.3947239905312,758.396990881006,58.05733496831244,0.03,2000.0,robust,unresolved,ok,58.05733496831244,4.23853314670754,21.08704510669846,7.349415663016785,3.0000000000000004,19.317078900091783,6.727141850361775,0.125,1.5720532702758607,none,-59.7066358555825,-59.7066358555825
-3.0882385188144164,3.1168455366650525,23.139233459686892,0.0,0.07547005435273703,cool_partial_candidate,rpm_baseline,300.0,300.0,3.0000000000000004,,0.009828431193399198,global fuel inventory >= 1% for onset; CA10 from cumulative heat release,0.01,0.011111111111111112,0.012222222222222223,0.008888888888888889,0.007777777777777778,-3.875,0.009784722222222222,,0.04,"CH3OCH3:0.25, CH4:0.75",dme_zhao_full,True,True,True,True,True,True,True,True,0.10070793200212848,0.10000678352452266,4.000271340980906,4.000271340980906,none_within_screen,3.1530507125003698e-06,0.9519906807037106,0.13019273310028662,0.05921281921931543,1.0828945571132635,-20.375,0.07746870229276283,mechanisms\dme_zhao_full.yaml,dme_zhao_full,0.0,0.0,33.77372788077925,6.0537472918425825,0.02,853.8655813452494,716.4705197632344,56.205615396146186,0.375,853.8655813452494,849.6592346152804,716.3445810250188,56.18930622152707,0.02,3000.0,robust,unresolved,ok,56.18930622152707,3.8290406526688185,18.78240475746458,6.549891600749833,3.0000000000000004,18.932612675309276,6.538630365222626,0.125,1.5720532702758607,none,-74.6722565948988,-74.6722565948988
9.022121936681554,16.490528194771397,27.32481604344485,0.0,0.045345732857485034,no_positive_gross_work,rpm_baseline,300.0,300.0,3.0000000000000004,,0.006300737397889385,global fuel inventory >= 1% for onset; CA10 from cumulative heat release,0.006,0.006666666666666667,0.007333333333333334,0.005333333333333333,0.004666666666666667,15.875,0.006529166666666667,positive_gross_imep;conversion_10_to_90pct,0.024,"CH3OCH3:0.25, CH4:0.75",dme_zhao_full,True,False,True,True,False,True,False,True,-0.2871237393948461,-0.4752078788558077,-11.404989092539385,-11.404989092539385,nonpositive_gross_work,1.911942567090516e-06,0.9711538752169037,0.01829531701674116,0.05898173734580283,1.0818037165323062,-20.125,0.07301689452474311,mechanisms\dme_zhao_full.yaml,dme_zhao_full,0.0009075801949933965,11.404989092539385,33.77372788077924,3.9127861804311435,0.012,752.0557288071324,693.1205061330927,53.8013008356887,-0.5,752.0557288071324,750.5588334775643,693.0919037942131,53.78940068658335,0.012,5000.0,implausible,unresolved,ok,53.78940068658335,3.5611516551039024,17.664250097294623,6.1482999787003525,3.0000000000000004,18.39616789357843,6.305264291192066,0.125,1.5720532702758607,none,-75.23336329264409,-75.23336329264409
5.920172580231862,15.958317298853379,29.779333101763047,0.0,0.03030182001296923,no_positive_gross_work,rpm_baseline,300.0,300.0,3.0000000000000004,,0.004131559390671819,global fuel inventory >= 1% for onset; CA10 from cumulative heat release,0.004,0.0044444444444444444,0.00488888888888889,0.0035555555555555553,0.0031111111111111114,,,positive_gross_imep;conversion_10_to_90pct,0.016,"CH3OCH3:0.25, CH4:0.75",dme_zhao_full,True,False,True,True,False,True,False,True,-0.21594340115098196,-0.5360999015449691,-8.577598424719506,-8.577598424719506,nonpositive_gross_work,4.879875148528602e-06,0.9807215821110186,1.6003558402701224e-05,0.05856683071442822,1.0731121779892874,-20.25,0.0666688124228203,mechanisms\dme_zhao_full.yaml,dme_zhao_full,0.0006825835945756822,8.577598424719506,33.77372788077923,2.713305611361373,0.008,739.7608188193993,681.121181758017,53.158068637572825,-0.25,739.7608188193993,739.142222441563,681.1097129233568,53.15343151573711,0.008,7500.0,implausible,unresolved,ok,53.15343151573711,3.4410223007620346,17.398604585618248,6.035260806280403,3.0000000000000004,17.97284773344122,6.140067376246555,0.125,1.5720532702758607,none,-63.03256736925107,-63.03256736925107
1.6885129412003776,12.572523211702519,25.73351543438427,0.0,0.02273185360234437,no_positive_gross_work,rpm_baseline,300.0,300.0,3.0000000000000004,,0.00302814188235334,global fuel inventory >= 1% for onset; CA10 from cumulative heat release,0.003,0.0033333333333333335,0.003666666666666667,0.0026666666666666666,0.0023333333333333335,,,positive_gross_imep;conversion_10_to_90pct,0.012,"CH3OCH3:0.25, CH4:0.75",dme_zhao_full,True,False,True,True,False,True,False,True,-0.13695366380719282,-0.4533338846625213,-5.440006615950256,-5.440006615950256,nonpositive_gross_work,1.3326110421709327e-06,0.9855391756480381,1.191182208902292e-06,0.058048103341107486,1.0647018012285514,-19.875,0.06491830860926903,mechanisms\dme_zhao_full.yaml,dme_zhao_full,0.0004329019716905486,5.440006615950256,33.77372788077922,2.076688330173206,0.006,727.4424270628763,673.7155333350067,52.64993901350999,-0.25,727.4424270628763,727.1361648864483,673.7097943817952,52.647404620211404,0.006,10000.0,implausible,unresolved,ok,52.647404620211404,3.3710863960432653,17.293338726320588,5.983063842145028,3.0000000000000004,17.698330163653758,6.039744678152211,0.125,1.5720532702758607,none,-52.72301727452452,-52.72301727452452
-13.35284776530636,8.858283498984399,9.724072335945474,0.0,0.3019042920481605,rapid_heat_release,rpm_baseline,300.0,300.0,3.0000000000000004,,0.03471815671556117,global fuel inventory >= 1% for onset; CA10 from cumulative heat release,0.0375,0.041666666666666664,0.04583333333333334,0.03333333333333333,0.029166666666666667,-16.5,0.034062499999999996,peak_temperature_below_1600K;max_pressure_rise_at_most_10_bar_per_deg;end_mass_retention_at_least_0p87,0.15,"CH3OCH3:0.25, CH4:0.75",dme_zhao_sk39,True,True,False,False,False,False,True,True,11.147975527518927,2.952096299739856,442.8144449609784,442.8144449609784,high_temperature,7.075954157272335e-06,0.8079509303464385,0.8709579461159819,0.08060829355264082,63.485201132995485,9.5,0.06452823790559069,mechanisms\dme_zhao_sk39.yaml,dme_zhao_sk39,0.0,0.0,33.773727880779255,15.206123391069895,0.075,921.3253231070158,1867.9720031250133,108.66510224901373,9.75,1867.9720031250133,852.1472913222416,1167.7115983581616,79.06342832413077,0.075,800.0,implausible,unresolved,ok,79.06342832413077,6.40091797700756,37.99364951112916,12.869110902862767,3.0000000000000004,20.128415780346067,7.171064921229571,0.125,1.5720532702758607,none,287.87171432684073,287.87171432684073
-10.995429663021572,2.9393628928305353,14.815484551636612,0.0,0.22665095975438385,cool_partial_candidate,rpm_baseline,300.0,300.0,3.0000000000000004,,0.0281674283894964,global fuel inventory >= 1% for onset; CA10 from cumulative heat release,0.03,0.03333333333333333,0.03666666666666667,0.026666666666666665,0.023333333333333334,-12.625,0.02789583333333333,end_mass_retention_at_least_0p87,0.12,"CH3OCH3:0.25, CH4:0.75",dme_zhao_sk39,True,True,False,True,False,True,True,True,4.08958462983692,1.3537040451215303,162.44448541458362,162.44448541458362,trapped_mass_loss,8.872688405377325e-06,0.8558192417976933,0.6134667750834707,0.05931865960392693,8.272083666382002,-10.75,0.06375504759968262,mechanisms\dme_zhao_sk39.yaml,dme_zhao_sk39,0.0,0.0,33.773727880779255,13.36871182009486,0.06,844.2854457765516,1137.1936781294262,73.09295659232349,7.75,1137.1936781294262,834.2857167635171,946.9755783205984,66.88846010116498,0.06,1000.0,marginal,unresolved,ok,66.88846010116498,4.889628843268236,26.251758269982144,8.997295282983195,3.0000000000000004,19.92072473409045,7.052384106045107,0.125,1.5720532702758607,none,27.445002426507642,27.445002426507642
-7.966552355777961,-6.1236887195449,15.265920999840402,0.0,0.18515881862923783,cool_partial_candidate,rpm_baseline,300.0,300.0,3.0000000000000004,,0.02389353439503084,global fuel inventory >= 1% for onset; CA10 from cumulative heat release,0.025,0.02777777777777778,0.030555555555555558,0.022222222222222223,0.019444444444444445,-9.5,0.023680555555555555,,0.1,"CH3OCH3:0.25, CH4:0.75",dme_zhao_sk39,True,True,True,True,True,True,True,True,1.7937707074300977,0.7125128488461077,71.25128488461077,71.25128488461077,none_within_screen,8.807806136103762e-06,0.8822128804815367,0.4471067400630097,0.05931254667664587,7.765930896108415,-7.25,0.06517817873930906,mechanisms\dme_zhao_sk39.yaml,dme_zhao_sk39,0.0,0.0,33.773727880779255,11.927471734515462,0.05,852.1747632422753,930.2797501435521,65.55054072983245,0.25,930.2797501435521,844.6830907192019,908.5984446914264,65.54688581889889,0.05,1200.0,robust,unresolved,ok,65.54688581889889,4.405664341946682,22.217274944401694,7.735289577372648,3.0000000000000004,19.759536687430217,6.963102778835365,0.125,1.5720532702758607,none,-39.47137195270682,-39.47137195270682
-6.265704411445735,-3.6884247543565425,6.526736921185546,0.0,0.14906397547489425,cool_partial_candidate,rpm_baseline,300.0,300.0,3.0000000000000004,,0.019303810620950476,global fuel inventory >= 1% for onset; CA10 from cumulative heat release,0.02,0.022222222222222223,0.024444444444444446,0.017777777777777778,0.015555555555555557,-8.375,0.019069444444444444,,0.08,"CH3OCH3:0.25, CH4:0.75",dme_zhao_sk39,True,True,True,True,True,True,True,True,1.2060545645755067,0.5988288874590134,47.906310996721075,47.906310996721075,none_within_screen,6.4414278035904125e-06,0.905174703859406,0.3604724197664077,0.059305225014016034,6.32409599080907,-3.625,0.06532725735964777,mechanisms\dme_zhao_sk39.yaml,dme_zhao_sk39,0.0,0.0,33.77372788077925,10.267164202979343,0.04,866.4896996877299,889.4155481251075,65.22142308822386,0.0,889.4155481251075,863.4183789697404,885.1988097230067,65.22142308822386,0.04,1500.0,robust,unresolved,ok,65.22142308822386,4.2414117346570315,20.953772596579306,7.326465450141819,3.0000000000000004,19.56832214368436,6.859181984025994,0.125,1.5720532702758607,none,-57.712312230238076,-57.712312230238076
-5.969418522236426,1.0250336157815934,4.484461406085771,0.0,0.11350924111076385,cool_partial_candidate,rpm_baseline,300.0,300.0,3.0000000000000004,,0.014502548456480297,global fuel inventory >= 1% for onset; CA10 from cumulative heat release,0.015,0.016666666666666666,0.018333333333333333,0.013333333333333332,0.011666666666666667,-7.875,0.01434375,,0.06,"CH3OCH3:0.25, CH4:0.75",dme_zhao_sk39,True,True,True,True,True,True,True,True,1.4095263413053405,0.9331419606819477,55.988517640916854,55.988517640916854,none_within_screen,4.6184474506829666e-06,0.9277926125631256,0.33079773889164643,0.059285721926253754,3.808778653290915,1.375,0.06526816188648568,mechanisms\dme_zhao_sk39.yaml,dme_zhao_sk39,0.0,0.0,33.77372788077925,8.333733901551266,0.03,867.0189907620763,869.6038608132677,64.09376777022315,3.25,869.6038608132677,851.7809530519036,757.7864578475643,58.01613722825721,0.03,2000.0,robust,unresolved,ok,58.01613722825721,4.236056064520562,21.069846346614547,7.343756491336879,3.0000000000000004,19.31874395269378,6.7274423145181395,0.125,1.5720532702758607,none,-59.964330287455766,-59.964330287455766
-3.1029455264869954,2.7848556682506254,23.02761146988848,0.0,0.07549054144583907,cool_partial_candidate,rpm_baseline,300.0,300.0,3.0000000000000004,,0.00982761413741739,global fuel inventory >= 1% for onset; CA10 from cumulative heat release,0.01,0.011111111111111112,0.012222222222222223,0.008888888888888889,0.007777777777777778,-3.875,0.009784722222222222,,0.04,"CH3OCH3:0.25, CH4:0.75",dme_zhao_sk39,True,True,True,True,True,True,True,True,0.09079792250670951,0.0901657694690123,3.6066307787604917,3.6066307787604917,none_within_screen,1.3619430457865919e-06,0.9519787879862127,0.1280208612786301,0.059212743516475895,1.0834855752365513,-20.5,0.06442024458471544,mechanisms\dme_zhao_sk39.yaml,dme_zhao_sk39,0.0,0.0,33.77372788077925,6.0537472918425825,0.02,853.4753903665927,716.5000729006603,56.215658669545824,0.375,853.4753903665927,849.3704285787496,716.3794655421956,56.200527752545305,0.02,3000.0,robust,unresolved,ok,56.200527752545305,3.82641774531406,18.76694353076907,6.544189595547851,3.0000000000000004,18.935225550248294,6.539028691073966,0.125,1.5720532702758607,none,-74.8353588591286,-74.8353588591286
9.009370421653175,16.46986131208231,27.30236829551904,0.0,0.04535671136018954,no_positive_gross_work,rpm_baseline,300.0,300.0,3.0000000000000004,,0.00630031234738844,global fuel inventory >= 1% for onset; CA10 from cumulative heat release,0.006,0.006666666666666667,0.007333333333333334,0.005333333333333333,0.004666666666666667,16.0,0.006533333333333333,positive_gross_imep;conversion_10_to_90pct,0.024,"CH3OCH3:0.25, CH4:0.75",dme_zhao_sk39,True,False,True,True,False,True,False,True,-0.28868080819211656,-0.4777849258180093,-11.466838219632224,-11.466838219632224,nonpositive_gross_work,2.0654591634579926e-06,0.9711467940196495,0.01795055116475285,0.05898192543835845,1.081698670543659,-20.25,0.06166884609626534,mechanisms\dme_zhao_sk39.yaml,dme_zhao_sk39,0.0009125019921447686,11.466838219632224,33.77372788077924,3.9127861804311435,0.012,752.0887981189773,693.1579638008473,53.81288338807864,-0.5,752.0887981189773,750.5913257676533,693.1300445817781,53.80107652165834,0.012,5000.0,implausible,unresolved,ok,53.80107652165834,3.560896188043456,17.663305918191664,6.147733099992052,3.0000000000000004,18.398289175706523,6.305585468269579,0.125,1.5720532702758607,none,-75.27364790926315,-75.27364790926315
5.910711361604182,15.950442276830046,29.761305944337657,0.0,0.030304802061334464,no_positive_gross_work,rpm_baseline,300.0,300.0,3.0000000000000004,,0.004131349141368982,global fuel inventory >= 1% for onset; CA10 from cumulative heat release,0.004,0.0044444444444444444,0.00488888888888889,0.0035555555555555553,0.0031111111111111114,,,positive_gross_imep;conversion_10_to_90pct,0.016,"CH3OCH3:0.25, CH4:0.75",dme_zhao_sk39,True,False,True,True,False,True,False,True,-0.21571333133170237,-0.5355287314753729,-8.568459703605967,-8.568459703605967,nonpositive_gross_work,9.286113678719011e-07,0.9807221986393728,1.3323655758475437e-05,0.058566887136921285,1.0731608350776867,-20.125,0.06459377157374681,mechanisms\dme_zhao_sk39.yaml,dme_zhao_sk39,0.0006818563582563031,8.568459703605967,33.77372788077923,2.713305611361373,0.008,739.7769756168443,681.1370683074106,53.16296894560635,-0.375,739.7769756168443,739.1567222955287,681.1250178211376,53.15806003291675,0.008,7500.0,implausible,unresolved,ok,53.15806003291675,3.441070409417922,17.399439862331253,6.035365113150213,3.0000000000000004,17.973100996278486,6.140132417981115,0.125,1.5720532702758607,none,-63.03137677241533,-63.03137677241533
1.6865499681481568,12.572308829944797,25.733052117475566,0.0,0.02273518405629968,no_positive_gross_work,rpm_baseline,300.0,300.0,3.0000000000000004,,0.0030281091661358028,global fuel inventory >= 1% for onset; CA10 from cumulative heat release,0.003,0.0033333333333333335,0.003666666666666667,0.0026666666666666666,0.0023333333333333335,,,positive_gross_imep;conversion_10_to_90pct,0.012,"CH3OCH3:0.25, CH4:0.75",dme_zhao_sk39,True,False,True,True,False,True,False,True,-0.13659288399602293,-0.4521396580258706,-5.425675896310447,-5.425675896310447,nonpositive_gross_work,3.395221516725004e-07,0.9855376888249711,5.53912188241129e-07,0.05804851727490197,1.0650543939940462,-19.875,0.06154185665036457,mechanisms\dme_zhao_sk39.yaml,dme_zhao_sk39,0.0004317615692561787,5.425675896310447,33.77372788077922,2.076688330173206,0.006,727.46002081811,673.730780371479,52.65460886357038,-0.25,727.46002081811,727.1496906179937,673.7241639911997,52.65180720929585,0.006,10000.0,implausible,unresolved,ok,52.65180720929585,3.3711903063322364,17.29449496128042,5.983228823400071,3.0000000000000004,17.698786748997055,6.039858401339602,0.125,1.5720532702758607,none,-52.72169457945442,-52.72169457945442
